time,S_su,S_aa,S_fa,S_va,S_bu,S_pro,S_ac,S_h2,S_ch4,S_IC,S_IN,S_I,X_xc,X_ch,X_pr,X_li,X_su,X_aa,X_fa,X_c4,X_pro,X_ac,X_h2,X_I,S_cation,S_anion,S_H_ion,S_va_ion,S_bu_ion,S_pro_ion,S_ac_ion,S_hco3_ion,S_co2,S_nh3,S_nh4_ion,S_gas_h2,S_gas_ch4,S_gas_co2,pH,charge_residual,COD_soluble,COD_particulate,COD_liquid_total,COD_gas,COD_total_with_gas,COD_liquid_inventory,COD_gas_inventory,COD_total_inventory,COD_gas_liquid_basis,COD_total_liquid_basis,q_gas,q_gas_atm,q_gas_norm_dry,q_ch4_norm_dry
0.0,0.005064330136778,0.002267657417975,0.039745579177836,0.004781384937714,0.009546166645872,0.060320136676456,0.195838718470725,4.35643495e-07,0.040387019669682,0.088760488491645,0.086502521528236,1.543650531797525,0.0,3.109339792889835,0.383675688579439,0.400397649270999,3.295748592314258,0.52894436771972,0.294597293607311,0.409976340740416,0.421451334507323,1.521243215648293,0.777168942833516,45.585198029349186,0.017526378973457,0.020847038597314,6.73070088009645e-08,2.2875885644530966e-05,5.939939657131653e-05,0.0005358367954091756,0.003048174050039623,0.07811155768358431,0.010648930808060689,0.0014037765515508584,0.08509874497668514,1.8311747102e-05,1.224612521622608,0.017133600121008,7.171939709548749,-5.338195163684389e-13,1.9016019605740582,56.727741247460294,58.62934320803435,1.22463083336971,59.85397404140406,0.29314671604017173,0.00244926166673942,0.29559597770691115,0.48985233334788403,59.11919554138223,0.0,0.0,0.0,0.0
1.0,0.003002507413510697,0.0012879540939321403,0.026244162441250902,0.002742931536211037,0.005485209759403588,0.017269849419079605,0.057527593854312276,2.5353788198919093e-07,0.0435936274624556,0.09234656700072749,0.08698865906405101,1.5581692620118046,0.0,2.484031732210333,0.28095797428777863,0.33112310275505374,3.296009925113492,0.5289780413910137,0.29592927803184066,0.4103710498446407,0.4220187244865079,1.5271183874895735,0.7779928058433364,45.61423548977777,0.017526378973457,0.020847038597314,6.795697482323565e-08,1.3122567822407623e-05,3.412932466483224e-05,0.00015340427526239244,0.000895367305978512,0.08117335701424185,0.011173209986485647,0.0013983810134042792,0.08559027805064673,1.1972819127735679e-05,1.3440081161287634,0.016000088258390055,7.167765962451875,6.217283632370396e-13,1.7153233515298425,55.96876651123134,57.68408986276118,1.344020088947891,59.02810995170907,0.2884204493138059,0.0026880401778957824,0.29110848949170165,0.5376080355791565,58.22169789834033,0.0026944636157419663,0.0026696583319863903,0.002234632369187879,0.001268279494841757
2.0,0.0024126592835727783,0.0009758454374986054,0.0213736639324716,0.002083767975030673,0.004257246879928024,0.011625801622567088,0.04073451107267823,2.0242157112660638e-07,0.04216383047008281,0.0935771225315743,0.08746187292642213,1.572659741040951,0.0,1.9896289631575403,0.21209489276107313,0.2802360261106947,3.283069219176713,0.5262744147146683,0.29568210031756115,0.4086577061203776,0.4195807350461102,1.519806881184461,0.7746707598845184,45.64321644783606,0.017526378973457,0.020847038597314,6.972782008431624e-08,9.967764756557089e-06,2.6485776430037988e-05,0.00010325564020828763,0.0006339331312424464,0.08199650202899765,0.011580620502576647,0.0013708405631386133,0.08609103236328351,9.785837867053454e-06,1.3220830584788714,0.016597497781888425,7.156593912023694,-8.827140407507983e-13,1.698287270136352,55.352918146309776,57.05120541644613,1.3220928443167386,58.373298260762866,0.28525602708223063,0.0026441856886334773,0.28790021277086414,0.5288371377266955,57.58004255417283,0.0021525656013883553,0.002146615438875668,0.001797501885604575,0.0009966803408497484
3.0,0.0019517363291427223,0.0007685859138844447,0.018143505032414953,0.001636665319071681,0.003379298411981086,0.008293423316996059,0.031181953494964564,1.644296915500706e-07,0.041140765805332505,0.09442527317162283,0.0879038220236663,1.5870655406690641,0.0,1.5986153124186184,0.1658200177604193,0.24269155274303705,3.2600557674750155,0.5218146982570672,0.29457557829804354,0.4056079928377536,0.4159525606586473,1.5078958749333964,0.7690258175959724,45.67202804709228,0.017526378973457,0.020847038597314,7.046483994858238e-08,7.828620301081864e-06,2.1022742311477274e-05,7.365471556135463e-05,0.000485250416201968,0.0826316009550065,0.011793672216616327,0.0013635804077382178,0.08654024161592808,8.100959706541173e-06,1.3062223448706978,0.016913307022043415,7.152027530175886,-7.417920444563464e-13,1.6935616387225436,54.85408322007025,56.54764485879279,1.3062304458304044,57.853875304623195,0.28273822429396395,0.0026124608916608086,0.28535068518562473,0.5224921783321617,57.07013703712496,0.0017454725804817131,0.0017436444279598292,0.001460214174256762,0.0007984926001002139
4.0,0.0015893773973651916,0.0006301349901654535,0.01586349009732962,0.0013292283240875563,0.0027406467173813863,0.006142023580656307,0.02480653613298736,1.3544221995744568e-07,0.04044490278397715,0.09508867979346271,0.08833400721830668,1.6013486705271374,0.0,1.2892713201410388,0.13461571731828859,0.21483607154895212,3.229331538417829,0.516225537291584,0.2928672906832642,0.401611161609001,0.4114595090365149,1.4927400893210838,0.7616685828773317,45.70059430680841,0.017526378973457,0.020847038597314,7.066458858446686e-08,6.357973073620975e-06,1.7049442175122474e-05,5.4547098857142603e-05,0.0003860323947842317,0.08318269705538776,0.011905982738074944,0.001366440120872641,0.08696756709743404,6.771985346598802e-06,1.2968500617191725,0.017082453502007298,7.150798165199907,-4.784471430152593e-13,1.6948951459933073,54.4452211250533,56.14011627104661,1.2968568337045192,57.436973104751125,0.28070058135523307,0.0025937136674090383,0.2832942950226421,0.5187427334818077,56.658859004528416,0.001428346712796347,0.0014276679368964266,0.0011956396567170012,0.000648730270043324
5.0,0.001303466901130821,0.0005373374541064074,0.014227672134012532,0.0011153010620821655,0.002269410446641095,0.004688449312438387,0.020316259743967977,1.131117625847765e-07,0.03997889932247837,0.09565191517461646,0.08876337598084352,1.6154812326144707,0.0,1.0444445464895151,0.11346217310842543,0.19401570939078053,3.1927562387179633,0.5099240564756471,0.29073228844209426,0.39694627506201574,0.406334950455407,1.475248790119888,0.7530501911825783,45.728859580171545,0.017526379074641326,0.02084703859156537,7.056454783030634e-08,5.3347533474165365e-06,1.4117995030285652e-05,4.163827038879385e-05,0.0003161577789824841,0.0836902451146351,0.01196167005998136,0.001374998523703513,0.08738837745714001,5.719856557839221e-06,1.291914082723856,0.01716862309640647,7.1514134370321525,9.56703466448161e-13,1.6999181421030911,54.10577479961586,55.80569294171895,1.2919198025804137,57.09761274429937,0.27902846470859477,0.0025838396051608274,0.2816123043137556,0.5167679210321655,56.322460862751115,0.00118127985057747,0.001180986758654633,0.0009890628116763027,0.0005344747399006499
6.0,0.007878968836868934,0.003741831256858687,0.05594495980201131,0.007749918501674105,0.01545511825347739,0.17390009201486117,0.24337543007698426,6.335905168423866e-07,0.04365848851687016,0.0919795785625776,0.08828618029803523,1.6016783031282413,0.0,2.8924257218252234,0.4333189628691123,0.4054263769013193,3.2010437137468046,0.5111449980701522,0.28839584080456904,0.3967502016896668,0.4041335445403212,1.4702477294661882,0.7519015096046319,46.07827808298194,0.017782088874301463,0.020832510846599005,8.388030112178751e-08,3.70341820074888e-05,9.606212081131216e-05,0.0015428622044032108,0.0037844741662775676,0.07862182261199477,0.013357755950582834,0.0011533390951898057,0.08713284120284542,2.3749568553870778e-05,1.175000881471278,0.019003564492998937,7.076340019130681,-5.386871504420299e-13,2.153383743978364,56.83306668249993,58.9864504264783,1.1750246310398318,60.16147505751813,0.2949322521323915,0.0023500492620796634,0.29728230139447115,0.4700098524159327,59.456460278894234,0.007382741583749609,0.007382646285517542,0.006182965841373324,0.0030380618818488946
7.0,0.0097889136773473,0.004782807156866702,0.07701200333564953,0.010276540445621986,0.020244107509417537,0.3727360821152385,0.39099433691086993,7.639259569342958e-07,0.04560107566952706,0.08797233460997786,0.0880101503416329,1.5873162491304653,0.0,4.392985712559406,0.6548079143205573,0.5653055202429754,3.248933646966995,0.5209614532603984,0.2905309813563903,0.40300148229186944,0.4054922247466849,1.486805573352652,0.7597728034012212,46.431960635489,0.018041919130562852,0.02081776783194766,8.860781604720934e-08,4.9091323871357645e-05,0.00012578926878155171,0.0033057806297628945,0.006078294217766106,0.07458604994141758,0.013386284668560275,0.001089150263843412,0.08692100007778948,2.7173547449131677e-05,1.1752627791256653,0.01899976064813426,7.052527967543458,-9.553746682655628e-13,2.5187528798769607,59.160557947988146,61.67931082786511,1.1752899526731144,62.85460078053822,0.30839655413932554,0.0023505799053462288,0.31074713404467175,0.47011598106924574,62.14942680893436,0.009026249916771418,0.009026248077328063,0.007559487832536915,0.0037152076494401088
8.0,0.010768585460167946,0.005203852398773471,0.08975273937873904,0.011481444479588895,0.022648087590478882,0.6163178174169953,0.5058424567392977,8.286005665703642e-07,0.047054600307020376,0.0841563904165459,0.08792105193116333,1.5745804635212362,0.0,5.48853011184404,0.7879385805820294,0.6729373455542775,3.324538908790999,0.5358557890330228,0.295355067601165,0.41314365693905886,0.40799534826871875,1.515099570688465,0.7728540752275089,46.76927469650244,0.018283436964036413,0.020803864594195726,9.281086467848584e-08,5.4830595909292176e-05,0.0001406878560889062,0.0054643661990879,0.007861800804854675,0.07083945105514122,0.013316939361404684,0.0010393566206082264,0.0868816953105551,2.858476749114285e-05,1.1832189585336819,0.01887536512986423,7.032401181176341,8.994055500366471e-13,2.8836508758928643,60.983523151031726,63.86717402692459,1.183247543301173,65.05042157022577,0.31933587013462295,0.002366495086602346,0.3217023652212253,0.4732990173204692,64.34047304424506,0.009994759322608415,0.009994759304640173,0.008370616627497272,0.0041416959792915575
9.0,0.01140278634631449,0.0053810229938914865,0.09794814505825548,0.012099722893759862,0.024028267158308407,0.901432991603151,0.5877146928365335,8.682740893434216e-07,0.0481916954443957,0.08052136646322941,0.08785724239702916,1.5617385459342743,0.0,6.3086659809852295,0.869818361066844,0.747517608574983,3.416967266911138,0.553120011197827,0.3016108365786695,0.4253672244877404,0.41058855008854683,1.5502423703282948,0.7885906351276853,47.062427310994835,0.018499632272300132,0.020789865793360656,9.744052331163948e-08,5.776399202803535e-05,0.00014921604196858416,0.0079894538483071,0.009131838787469659,0.06724880882381924,0.013272557639410168,0.000989811485186657,0.0868674309118425,2.9217211933444262e-05,1.1885602690453576,0.018791867696013723,7.0112603922938455,2.853516034573289e-13,3.2499387385429737,62.43491615634179,65.68485489488477,1.188589486257291,66.87344438114205,0.32842427447442385,0.002377178972514582,0.33080145344693845,0.4754357945029164,66.16029068938768,0.01077028629734667,0.010770286297235684,0.009020120927780885,0.004483211345792846
10.0,0.011692587290791243,0.005394217973194193,0.10214829390945758,0.012277458055572704,0.024543368106940733,1.213579881199802,0.6261248842164588,8.879499246189873e-07,0.04917119069235718,0.0773186169312837,0.087818985634493,1.5499377516348334,0.0,6.91161588827311,0.919158567151934,0.7985192003035199,3.521958768665848,0.5717600129700561,0.3089325973688815,0.43901725930070595,0.4134687405093226,1.5914702838079742,0.8064078980845214,47.34634313461727,0.01870988612666356,0.020776327644625548,1.0168140166650372e-07,5.8594622921225766e-05,0.00015237240919670187,0.010752596400830972,0.009726291287349875,0.06411402504441216,0.013204591886871536,0.0009485615928551253,0.08687042404163788,2.9336854173453135e-05,1.195688676600104,0.018680478850736815,6.992758475712975,7.127631818093505e-13,3.5948705210293324,63.62865235105315,67.22352287208248,1.1957180134542775,68.41924088553677,0.33611761436041243,0.002391436026908555,0.338509050387321,0.478287205381711,67.70181007746419,0.011345648516369542,0.011345648516369135,0.009501987115057002,0.004751034648658029
11.0,0.006111832184244052,0.0026714829669609364,0.055561177994044975,0.0060320905966592476,0.01198653823135106,1.0517242286761226,0.2727623456006446,6.293964833049997e-07,0.050475524468105305,0.08261194271335445,0.08845367656656677,1.565457933646581,0.0,5.491798477019454,0.6413585722514762,0.6257324949633378,3.5974429777151298,0.5851000016287763,0.31794974972708123,0.4499680919464009,0.4278369784931636,1.6442822221181967,0.8280845605745423,47.37738349864077,0.01870988612666356,0.020776327644625548,7.713032556200798e-08,2.8839293183898176e-05,7.453603203580911e-05,0.009335771916338291,0.004243079222162714,0.07144959932932095,0.011162343384033505,0.0012552168713263678,0.08719845969524041,2.447462810535183e-05,1.3741448725507186,0.01589240467813936,7.112774835505295,4.586574176013158e-13,3.0227837837611973,61.986937625078326,65.00972140883952,1.3741693471788239,66.38389075601835,0.32504860704419763,0.0027483386943576477,0.3277969457385553,0.5496677388715295,65.55938914771106,0.006911004869994186,0.006911004869994224,0.005787970527382141,0.003325940509381821
12.0,0.004791850395626684,0.0018744931537349797,0.04013824544682807,0.004263940440293582,0.008805375049497424,0.7322157836657538,0.16423975280591607,5.601869459233445e-07,0.049225975042471816,0.08723335252072832,0.0888560148291183,1.5812913478408896,0.0,4.3698865174005,0.4557637529256947,0.49980094727306007,3.641366170067751,0.5907758125070067,0.3223528286753546,0.45527211193549805,0.44458001515096135,1.6732291519228082,0.8453840802552919,47.409050327029384,0.01870988612666356,0.020776327644625548,7.085762549368826e-08,2.0395022312927443e-05,5.477715388004916e-05,0.006502688320852279,0.0025558249382064756,0.07628483710803882,0.0109485154126895,0.0013708282529707957,0.0874851865761475,2.2999886525648157e-05,1.391783615474385,0.015616891491305658,7.149613405379458,-4.2868486538338857e-13,2.586847324027958,60.70746171514331,63.29430903917127,1.3918066153609105,64.68611565453217,0.31647154519585635,0.0027836132307218213,0.3192551584265782,0.5567226461443643,63.85103168531563,0.00557467432875468,0.005574674328754689,0.004668792935550763,0.0027172648864969033
13.0,0.003792525420607655,0.0013600436430028862,0.031044853454923985,0.0031103438728688516,0.006633550391199264,0.31614116595144515,0.12941712723140822,4.888071198924571e-07,0.048844078379662884,0.09133784508300123,0.08910692469385209,1.597317081893245,0.0,3.483275318460746,0.33174177875894634,0.40792637032139667,3.6609732421929264,0.591473711615729,0.3244049689297271,0.4570837519793324,0.46214618372187594,1.6902562307800815,0.859212200458884,47.441101966709894,0.018709886245094225,0.020776327637816585,6.528391434478729e-08,1.4883187742991172e-05,4.128163130540059e-05,0.002808779088935376,0.002014574466692011,0.08067060832192602,0.010667236761075213,0.001490103467849234,0.08761682122600285,2.096703936690601e-05,1.416199985437664,0.015235512763576741,7.185193813700028,4.926406504957015e-13,2.1376612590454838,59.70959572392954,61.847256982975026,1.4162209524770308,63.26347793545206,0.30923628491487515,0.0028324419049540616,0.3120687268198292,0.5664883809908123,62.41374536396584,0.004682259680544713,0.0046822596805447085,0.003921395157773219,0.0023223134524119754
14.0,0.008742256156341359,0.003755326070771241,0.06522457383560258,0.0082084048687132,0.016862058687751137,0.3927120820494873,0.3364015653775233,7.100794007834704e-07,0.04742848119548256,0.08963775678287467,0.08857707828613154,1.5862846237267456,0.0,4.740385985762798,0.5727925959052446,0.5595433735429918,3.7005063880448072,0.5951773778968992,0.32436522283268066,0.4601918608133305,0.4663865504954693,1.6988837593225972,0.866606588558404,47.750178028590234,0.018938455980476557,0.02076318636804605,8.309400555446023e-08,3.9227350869808355e-05,0.00010481244994066928,0.0034843946034529244,0.005231260866012608,0.07672454095805788,0.01291321582481679,0.001167944592598776,0.08740913369353276,2.5154975629764216e-05,1.218658925972557,0.018321830071702502,7.080430305319637,6.337708136072706e-13,2.465620082047819,61.73501773176545,64.20063781381327,1.218684080948187,65.41932189476147,0.3210031890690664,0.002437368161896374,0.32344055723096277,0.48747363237927477,64.68811144619255,0.009208727696213956,0.009208727696213923,0.0077123147071980515,0.003930271579275769
15.0,0.009662798296438166,0.004343178028050951,0.0776373167574044,0.009585798128563526,0.019367749487262047,0.5511347259480922,0.422154744086041,7.684544638809906e-07,0.04829970299825267,0.08702322840209874,0.08826713389464871,1.5756870018978228,0.0,5.720990419516048,0.7315483610910545,0.6695279728742825,3.765073200626095,0.6050825112493803,0.32784013381044164,0.4678472691180105,0.47030181719963043,1.7235746855159007,0.8784134926925353,48.055058339768244,0.01916067322843065,0.02075029124540949,8.727428933218293e-08,4.579602424795101e-05,0.00012035445183522144,0.004888481905015929,0.006563206722084928,0.07395071451531945,0.013072513886779283,0.0011088113456897432,0.08715832254895897,2.6251352012292704e-05,1.205906482042635,0.01852101848458317,7.059113678925907,-4.876064829684168e-13,2.7178737840823914,63.415258203461626,66.13313198754402,1.2059327333946475,67.33906472093867,0.3306656599377201,0.002411865466789295,0.3330775254045094,0.48237309335785905,66.61550508090188,0.010287376863860841,0.010287376863860689,0.008615684001413281,0.004344692413666312
16.0,0.010088996042695251,0.004583132769825007,0.08424182832145474,0.01020403861872343,0.020521506095720288,0.7411629645599458,0.4734869091973595,7.984548099483594e-07,0.04925093029992707,0.08455155014770768,0.08807876438014207,1.5655276337851913,0.0,6.417177310938125,0.825634352657588,0.7421202131132904,3.844053498157906,0.6181814883244309,0.33290166531405735,0.47772384208800345,0.47444344028558455,1.7550635386826938,0.8928103242606533,48.31862677186154,0.019360488619837506,0.020737602490071137,8.996788759947088e-08,4.874020892852232e-05,0.00012750152876501888,0.006572669561195168,0.00736012874795234,0.07151874696613524,0.013032803181572447,0.0010737224069459314,0.08700504197319614,2.6737322307417943e-05,1.2105404209393413,0.018448582816178803,7.045912476416035,8.698840259224738e-13,2.9590687381456524,64.69873644568388,67.65780518382952,1.2105671582616488,68.86837234209118,0.3382890259191476,0.0024211343165232977,0.3407101602356709,0.4842268633046595,68.14203204713418,0.01091307496852349,0.010913074968523355,0.009139706521575306,0.004626655787713583
17.0,0.010492647823399625,0.0047439050569589815,0.0894309817173637,0.010650829080952785,0.021455766642352773,0.9653787533008645,0.5087798515592524,8.237569423741563e-07,0.05003577673485189,0.08212878334680342,0.08794550687255957,1.5556387833538206,0.0,6.986085836483173,0.8913365871804843,0.7980411717995128,3.9352703495876176,0.6333039764009952,0.33897772674497967,0.48916862191068056,0.4786457354599713,1.7914283617720448,0.9091490822297559,48.582306233867165,0.019555568197975482,0.020725017109254413,9.31741497550984e-08,5.086259313675033e-05,0.00013327808757529271,0.008558958586977621,0.007907289356954944,0.06908989952518681,0.01303888382161661,0.0010356398804136444,0.08690986699214592,2.7032783239616832e-05,1.2110376388101243,0.018440795320639844,7.03070456163668,-8.0075876485175e-13,3.21660811902676,65.83371368343639,69.05032180246315,1.211064671593364,70.26138647405651,0.3452516090123157,0.002422129343186728,0.34767373835550247,0.4844258686373456,69.53474767110049,0.011542816197491848,0.01154281619749179,0.009667115160653545,0.0048956479235662
18.0,0.0055460864093216525,0.002361854354355403,0.04908143846359173,0.005288662270816751,0.010645527146572693,0.7065429318779067,0.21883231404359746,5.964079759002546e-07,0.050564187083731255,0.0874161772829366,0.08853960804552603,1.5729928169353045,0.0,5.553939983047263,0.6257408218221824,0.6301107171956841,4.0040945396046945,0.6447229635940489,0.3470659665886434,0.49884033908883624,0.4956401312389339,1.8396347366104822,0.9312037212272108,48.61701430103014,0.019555568197975482,0.020725017109254413,7.223286498943653e-08,2.5293902771619812e-05,6.621852482075183e-05,0.006274040908581812,0.003405101372893044,0.07625895452573767,0.011157222757198937,0.0013403343440788757,0.08719927370144716,2.314401369885472e-05,1.374721485039535,0.015883478271401977,7.141265159271963,7.985626049311634e-13,2.6218564149931742,64.18800822104812,66.8098646360413,1.374744629053234,68.18460926509454,0.33404932318020647,0.002749489258106468,0.33679881243831294,0.5498978516212936,67.35976248766259,0.006970006816942589,0.006970006816942623,0.005837384691663548,0.0033557428932228265
19.0,0.004365341308319766,0.001676891727199695,0.03644030726388198,0.003779772751668871,0.007889964958591332,0.31480924992186976,0.14969467640180467,5.147450517479494e-07,0.04950372124977351,0.09201572321603596,0.08893031764591891,1.5906352272789104,0.0,4.4222374308790116,0.4482808778902329,0.5076769393134092,4.04128846242893,0.6488519675552098,0.35083652179426783,0.5031050413319463,0.5139927002395245,1.8649014599378293,0.9483841772624432,48.652299155002844,0.019555568221311298,0.02072501710776842,6.641971554185912e-08,1.8084965264618464e-05,4.909682902152213e-05,0.0027967058096160726,0.0023300736473772883,0.08110452350945238,0.01091119970658358,0.0014621374425380375,0.08746818020338087,2.1166921585782582e-05,1.3953403130578983,0.015561432651871977,7.177702988702485,9.060911743130617e-13,2.1587956676070714,62.901854733635645,65.06065040124271,1.395361479979484,66.4560118812222,0.3253032520062136,0.002790722959958968,0.32809397496617254,0.5581445919917936,65.6187949932345,0.005680181166522561,0.005680181166522567,0.004757154972465125,0.0027757674923734135
20.0,0.008422147694546725,0.0036061649888746404,0.06509925789536859,0.007899615795175074,0.016234343055231505,0.36934692530512925,0.3262180746691396,6.953957548891885e-07,0.048588763488625036,0.09064921202398989,0.08847242117538406,1.581701389879695,0.0,5.390026429612459,0.6374611191393476,0.6261374664209162,4.08298490270347,0.6529339851490941,0.35142559952509,0.5066634628689365,0.5187314632386242,1.8753527866196227,0.9565813045757481,48.90589633219149,0.019745886921231057,0.020712897925304438,8.135798352009136e-08,3.7756391030422576e-05,0.00010092216035164553,0.0032775127939184195,0.005073405440287661,0.07782451750759121,0.012824694516398671,0.001191121726671002,0.08728129944871306,2.4121419265361715e-05,1.2277076077724045,0.018180509015852792,7.089599824059622,2.773024865287965e-13,2.4271173781675404,64.50419485204479,66.93131223021233,1.2277317291916698,68.159043959404,0.3346565611510616,0.0024554634583833397,0.33711202460944495,0.4910926916766679,67.422404921889,0.009842807320927995,0.009842807320927993,0.008243356755192098,0.0042320879720412026
21.0,0.009090705964638433,0.004051159995050187,0.07419664749133109,0.008912923745295872,0.01806066533313107,0.487889748451934,0.38971760873499595,7.394330091855854e-07,0.049437312107370984,0.08865537297137627,0.08818562049123274,1.5730610567815417,0.0,6.162206828514777,0.7659533404854555,0.7143591841266191,4.144231305746339,0.6620031874761864,0.35494080682267315,0.5138627619789389,0.5232957691728305,1.8996335010109446,0.9683458860806662,49.165543224191126,0.019939238264065445,0.020700956362251013,8.423963915454434e-08,4.2590680098139125e-05,0.00011225438880136629,0.00432849836687726,0.006059962059193939,0.0757332591775963,0.012922113793779971,0.0011471751904425793,0.08703844530079016,2.4886037907880575e-05,1.2202992663471226,0.018296216561957502,7.074483502144576,9.255027300092422e-13,2.6144185680382988,65.87437579560655,68.48879436364486,1.2203241523850306,69.70911851602989,0.3424439718182243,0.0024406483047700613,0.34488462012299437,0.4881296609540123,68.97692402459887,0.010743322301712419,0.010743322301712372,0.008997538566129011,0.0045914061448000575
22.0,0.009582012751053432,0.00431881463619744,0.08052053843767648,0.009565169561562522,0.019308480678731376,0.6444154574064559,0.4372577366358914,7.717483355905334e-07,0.050284255859029514,0.08659251305285183,0.0880036688359926,1.5645471039644872,0.0,6.791245744426163,0.8547358978724647,0.7815996929051756,4.219835161146735,0.6741320111271595,0.3598272327629268,0.523163282725444,0.5280282274123604,1.9299969515414308,0.9825718999564462,49.42515526766181,0.020129077669377063,0.020689086121925576,8.674825519552268e-08,4.569920209576911e-05,0.00011999029181555009,0.005716094519385123,0.006798216518069709,0.07365138631430959,0.012941126738542238,0.001112120652613712,0.0868915481833789,2.5388117191285025e-05,1.2197451821130758,0.018304842748159435,7.061739251598495,8.026634912283725e-13,2.8198003416794206,67.07029136953811,69.89009171121754,1.219770570230267,71.1098622814478,0.3494504585560877,0.002439541140460534,0.3518899996965482,0.4879082280921068,70.37799993930965,0.011452699272588927,0.011452699272588924,0.009591642184557015,0.004892352315180021
23.0,0.009851979781762252,0.0044411332186749634,0.08430728727701661,0.009890478364075894,0.019961555624174312,0.821823495572007,0.4634429824638871,7.90883662192461e-07,0.05101897862381014,0.08469762932702461,0.08788372469911608,1.5565267221126005,0.0,7.279855432841143,0.9134687216454287,0.8307896627989909,4.305644948777158,0.6881171175783972,0.36568306930927985,0.5338645494691282,0.5330943168211204,1.9650997429302037,0.9986502277486817,49.680976214785396,0.020315202145383737,0.020677428666765654,8.890443368875216e-08,4.7246085656263015e-05,0.00012403118112152618,0.007288555101796509,0.0072044392928776345,0.0717730797155222,0.012924549611502412,0.0010840018849534322,0.08679972281416265,2.5593480153670632e-05,1.2221050253010417,0.01826795736316233,7.051076580103516,-6.131518903718103e-13,3.021265403921671,68.09524400470494,71.11650940862661,1.2221306187811953,72.3386400274078,0.3555825470431331,0.002444261237562391,0.3580268082806955,0.4888522475124782,71.6053616561391,0.01197353648670079,0.011973536486700792,0.010027843648968056,0.0051247387174406245
24.0,0.00996598682389547,0.004481769982927307,0.0862310859469254,0.010015974007027488,0.020226884486391712,1.0097444673454894,0.46963116254325665,8.008111506431544e-07,0.05161894375359873,0.08304189254364006,0.08779505298364079,1.5489792476454025,0.0,7.647380039933658,0.9523957109470564,0.8661921547264426,4.397682872950101,0.7030935285482286,0.37213149836402076,0.5453739213839619,0.5384835475805633,2.003437536796889,1.015919667824541,49.93088879654925,0.020502539511073125,0.020665960033514258,9.078584120016316e-08,4.783909053899083e-05,0.00012566427346594007,0.008953911707883398,0.007299851178474836,0.07014349044914854,0.012898402094491515,0.0010607375716373928,0.0867343154120034,2.5602795315957866e-05,1.2251086514870377,0.01822102512180858,7.041981878000007,6.431521981653532e-13,3.2108963233460655,68.97297927560471,72.18387559895078,1.2251342542823538,73.40900985323313,0.3609193779947539,0.0024502685085647075,0.3633696465033186,0.4900537017129415,72.67392930066372,0.012360882439325649,0.012360882439325677,0.010352246105610438,0.005303527668185622
25.0,0.005435420934550243,0.002279517528995501,0.0478707342160498,0.005087654781021985,0.01033175251836858,0.6969773534484187,0.202046313367933,5.913259252617336e-07,0.05130822449800454,0.08865669617754093,0.08841428660535357,1.5683463584206379,0.0,6.080328748359932,0.6699640862660443,0.6852901699169107,4.471153864113828,0.7147679459907182,0.38051745362471917,0.555375594219406,0.5578882065034315,2.0530546881669447,1.040099437275209,49.9696230180997,0.020502539511073125,0.020665960033514258,7.127498767468764e-08,2.4334230990452617e-05,6.427079615505583e-05,0.006189546685420352,0.003144078373949662,0.07747226682362163,0.011184429353919306,0.0013561487918472542,0.08705813781350631,2.243259843533575e-05,1.373121520486062,0.015908522181004373,7.147062849119388,8.59173843181793e-13,2.5896839210399056,67.17806321253684,69.76774713357675,1.3731439530844973,71.14089108666124,0.34883873566788376,0.002746287906168995,0.35158502357405275,0.549257581233799,70.31700471481055,0.007563026637794241,0.007563026637794355,0.006334039130462425,0.003637017241744578
26.0,0.004281541528854085,0.001624414410914896,0.03588253699861694,0.0036472251203511757,0.007674999156893795,0.25234193574655817,0.1450274681942929,5.005578344622881e-07,0.050151114486021206,0.09354193140839454,0.0888220703458075,1.5880192304117469,0.0,4.8420045247616335,0.48125355246700285,0.5533866311654358,4.5101279230668325,0.7187197631617409,0.3844648443986097,0.559694133193131,0.5782650866367258,2.0791620220196734,1.0587702282663747,50.00896879134173,0.020502539531511692,0.02066596003225236,6.533650352057726e-08,1.745213153207659e-05,4.776256614520112e-05,0.0022419413071153175,0.0022575663654190387,0.08260951026769604,0.010932421140698492,0.0014841643804563503,0.08733790596535114,2.0247351450891967e-05,1.394118496325502,0.015580581011449093,7.184844110484241,-5.985836826205571e-13,2.0886509666120845,65.77481750047889,67.86346846709097,1.3941387436769528,69.25760721076792,0.33931734233545485,0.0027882774873539055,0.34210561982280874,0.5576554974707811,68.42112396456174,0.0061776323197371185,0.006177632319737124,0.005173770597512502,0.0030162164326317568
27.0,0.007895553269365127,0.0033706989505845144,0.062075561757823076,0.00734089231711271,0.015115820058549452,0.2823554663836585,0.3006361911768509,6.614582330921435e-07,0.049598355727331414,0.09260570306474956,0.08838510257888857,1.581083762845684,0.0,5.7390666710970875,0.6659718207827691,0.6665058178602786,4.544396729491452,0.7213438891006921,0.3847695588558251,0.562315243696837,0.5827706646770565,2.087589525317834,1.065754117249674,50.25370958672478,0.020683184919103047,0.020654806817023506,7.870696385871267e-08,3.5092659659184484e-05,9.398514156774814e-05,0.0025060683834824448,0.004676261171361238,0.07987241936056293,0.012733283704186638,0.001229468555516479,0.08715563402337209,2.2540918723189546e-05,1.2368451472099995,0.018037833743424294,7.103986840301515,5.176865880418546e-13,2.3094729639451925,67.27419362485429,69.58366658879949,1.2368676881287226,70.82053427692821,0.34791833294399743,0.0024737353762574452,0.3503920683202549,0.49474707525148903,70.07841366405098,0.01036062752363353,0.010360627523633537,0.008677031470826505,0.00448788940580646
28.0,0.008551191635226215,0.003795721272839748,0.07035848175426146,0.008292182731264664,0.016847850078066644,0.373651804535544,0.35527907097921524,7.061343016674335e-07,0.05044107356678609,0.09099550887577051,0.08811245576930203,1.5742016992895649,0.0,6.491663175309151,0.7946609634835894,0.7540868631889691,4.598268752506776,0.728956714126008,0.38789991762820863,0.5685105898692218,0.5872153633547165,2.1092682747291933,1.0763414872503254,50.51041243789781,0.020862262081528814,0.020643743826269986,8.111113604658097e-08,3.963337810597952e-05,0.00010473777745047003,0.003315775163138281,0.0055254456940233305,0.0781553699262036,0.012840138949566912,0.0011898369107012784,0.08692261885860075,2.333707145802615e-05,1.2286262240784982,0.018166204657808077,7.090919515806516,-6.897572790709461e-13,2.4614197819770705,68.60728453934396,71.06870432132104,1.2286495611499562,72.29735388247099,0.3553435216066052,0.0024572991222999124,0.3578008207289051,0.4914598244599825,71.56016414578102,0.011285608287292203,0.011285608287292213,0.00945170338889973,0.004856076380927473
29.0,0.008911533248421867,0.004014374433228492,0.07527563083962861,0.008807880142037459,0.01780159218239512,0.485451196577018,0.39284879421801705,7.33508939813636e-07,0.051262652486693455,0.08945866283671458,0.08795782259422932,1.56781123626677,0.0,7.065206387849079,0.878169365064354,0.8166286142654214,4.665430433326814,0.739596271224152,0.3923980031905577,0.5767373635629395,0.5923526040139956,2.137096551861259,1.0895900198262347,50.761755858619054,0.021038116739811073,0.02063292103112755,8.266795232679031e-08,4.209348964787282e-05,0.00011065557059462976,0.004307374116242234,0.006109200671976012,0.07662784830281441,0.01283081453390017,0.0011656773598635228,0.0867921452343658,2.378615566423313e-05,1.230455381805247,0.0181375960005647,7.082662819650436,-6.033472332855894e-13,2.61218562390315,69.71496147280386,72.32714709670701,1.2304791679609113,73.55762626466792,0.36163573548353506,0.0024609583359218225,0.36409669381945686,0.4921916671843645,72.81933876389137,0.011889416497622781,0.01188941649762278,0.009957393110051322,0.005123505034753181
30.0,0.008944111147454433,0.004030073605147473,0.07656786667752088,0.008871467923058865,0.01791465701395649,0.5862152948418184,0.40187937752189345,7.414300825561904e-07,0.05185845234971064,0.08839921470950825,0.08784232612607647,1.5618758919228182,0.0,7.417270381991593,0.9181918000440857,0.8519249464097889,4.737371699702366,0.7512716632951574,0.3975404821805294,0.5857281215908231,0.5982216526853262,2.168082508739959,1.1041411971201203,50.96047610401862,0.02118609004836406,0.020622305077111883,8.323990969692916e-08,4.239563401421843e-05,0.00011135420204708289,0.005201222568777425,0.00624943076961089,0.07564528849405455,0.012753926215453695,0.0011562529367014488,0.08668607318937502,2.387615720991737e-05,1.2377942488152993,0.01802292057843603,7.079668399605853,-4.65006505523391e-13,2.7181579344334614,70.49022055777837,73.20837849221184,1.2378181249725093,74.44619661718434,0.36604189246105917,0.0024756362499450185,0.3685175287110042,0.4951272499890037,73.70350574220083,0.012124071952248905,0.012124071952248903,0.010153917187376507,0.005255786580360904
31.0,0.009078617918408817,0.004072558541114947,0.07816326543949113,0.008995428742223173,0.018194975164538496,0.6927105534749837,0.40924605334676084,7.519988713870718e-07,0.05230938731904633,0.08740842787808438,0.08773602306697242,1.5560741425666489,0.0,7.711717299937326,0.9481852433713868,0.8803702710303029,4.8141676554409125,0.763589009298445,0.4030126356071931,0.5952633798947748,0.6044255379804636,2.2008521274813466,1.1196150130476936,51.15840489001215,0.021332591379545813,0.020611759757746994,8.436546584694944e-08,4.2984543320124365e-05,0.00011308824415889419,0.006145585291461355,0.006363576165399558,0.07465181198914772,0.01275661588893666,0.001139646420466868,0.08659637664650556,2.3950571389952805e-05,1.238125318590015,0.01801774296231954,7.07383529106779,-4.259544106322011e-13,2.828845734512088,71.19960306310199,74.02844879761408,1.2381492691614049,75.26659806677549,0.3701422439880704,0.00247629853832281,0.3726185425263932,0.495259707664562,74.52370850527863,0.012476897057578488,0.01247689705757839,0.010449408414684705,0.005410182965303215
32.0,0.005019516237285514,0.0021039025514337883,0.044072123039158466,0.0046418551947942695,0.009455197718977845,0.3176641148882448,0.18159018383687892,5.46704439625872e-07,0.051441340192707075,0.09309588422328903,0.08837193493553853,1.5772786401472614,0.0,6.134465935768522,0.6701699193941324,0.7004269930986196,4.8807411975986525,0.7739886406943783,0.4107907844249641,0.6042436555569403,0.62510071463956,2.246577043567387,1.1434690011726918,51.200813885173396,0.021332591379545813,0.020611759757746994,6.729343880897556e-08,2.2208346301140258e-05,5.8833410426770875e-05,0.002821881796786151,0.002826401852480505,0.08192880134614751,0.011167082877141521,0.0014343981876816807,0.08693753674785686,2.079847202540339e-05,1.374804357713001,0.015882329982233854,7.172027277944915,-4.5007053639523065e-13,2.193267420511182,69.39078777108924,71.58405519160041,1.3748251561850262,72.95888034778544,0.3579202759580021,0.0027496503123700523,0.36066992627037214,0.5499300624740104,72.13398525407442,0.0076210294033696785,0.0076210294033697504,0.0063826164797730345,0.003669402000287947
33.0,0.0039660726695518525,0.0015117027139705862,0.0328918531897026,0.003316131868401392,0.006986418024035751,0.032985837253213454,0.09669217698906128,3.3855707448809475e-07,0.04761273607901103,0.09756381850532363,0.08890116562865259,1.5987530151685747,0.0,4.8880138611189645,0.48435743829053085,0.5691321726782161,4.912779894515783,0.7768188332165535,0.41436161416020995,0.6076763251613252,0.6378973421560247,2.266365547655749,1.1564245940270332,51.24376275546188,0.021332591465246208,0.020611759751656696,6.46735790412814e-08,1.586859435078549e-05,4.347932804113527e-05,0.0002930785627223567,0.0015052134988882968,0.0862636448867602,0.011300173618563433,0.0015004557206601,0.0874007099079925,1.4521442834801357e-05,1.3596278009871088,0.0161198559953999,7.189273104494833,-6.854690426383314e-13,1.824716282512597,67.95759037844226,69.78230666095486,1.3596423224299437,71.14194898338481,0.3489115333047743,0.0027192846448598875,0.3516308179496342,0.5438569289719775,70.32616358992684,0.005349282142631742,0.005349282142631735,0.004480026850889766,0.0025471604177123713
34.0,0.007934113442046389,0.0034388252956529895,0.0630161168944398,0.007428226667774408,0.015259499089094518,0.20819920666696237,0.28737694568643896,6.486780827719519e-07,0.04970116321805659,0.09464496402609028,0.08838905410039868,1.5882883305943596,0.0,6.059277356606071,0.7159341933991189,0.7132019770115325,4.932818887392755,0.7773337035201509,0.4133868687663752,0.60850732961705,0.6351441003481618,2.2636809531753666,1.1566865147418142,51.46301215362397,0.021503768637103318,0.020599595005710233,7.880836736211404e-08,3.5509896480829616e-05,9.487785763036118e-05,0.0018478744764966611,0.004469993586655939,0.08161682348559542,0.013028140540494865,0.0012279634613836584,0.08716109063901503,2.1397049380364342e-05,1.2115109384386333,0.01843375224731087,7.103427669486645,4.917177776064818e-13,2.2306430762329086,69.73898403820237,71.96962711443528,1.2115323354880136,73.1811594499233,0.35984813557217643,0.0024230646709760273,0.36227120024315246,0.48461293419520546,72.4542400486305,0.011240463669048685,0.01124046366904871,0.00941389474532638,0.004769274528612955
35.0,0.008666521797220564,0.0038985838422580504,0.07238160479111867,0.008476147457407908,0.01718838511339039,0.3441506469310477,0.36365279316714033,7.092326285218422e-07,0.05138409704853442,0.09200052091608951,0.08801836878112498,1.5779758419519014,0.0,6.994443748191556,0.8694375432546597,0.8192891529442512,4.977246218071718,0.7838566524866633,0.4157986512782915,0.613651272727976,0.6368465038295432,2.279623503148063,1.1641700546155038,51.678201059347714,0.021661956378333673,0.020587610341112325,8.092513097907758e-08,4.051319999728528e-05,0.00010685608268799399,0.003054025583682459,0.005655737507583135,0.07904414517249955,0.01295637574358996,0.0011912613219019505,0.08682710745922304,2.2631625523425104e-05,1.2198392312968676,0.018303545510392233,7.091916589009793,-7.096406795525922e-13,2.447775331332648,71.23256435989595,73.6803396912286,1.219861862922391,74.90020155415098,0.368401698456143,0.002439723725844782,0.3708414221819878,0.48794474516895636,74.16828443639756,0.012343691975918832,0.012343691975918924,0.010337849082685119,0.005273372238461801
36.0,0.00910493527877202,0.004145331866963296,0.07815560752686601,0.009070088922315159,0.018312010292879866,0.491035646112878,0.41373293715323584,7.437687003773971e-07,0.052512292571748366,0.08981558320853757,0.08777550715611393,1.5683166433166393,0.0,7.69944633963232,0.9677152240694658,0.8939743996815599,5.038802953485041,0.7940475930274834,0.41987676874007474,0.6213162269048653,0.6400561767711929,2.3039880136059843,1.1754110652371899,51.887509500001684,0.021816726147520792,0.02057595414600077,8.286253206871609e-08,4.3345996806963746e-05,0.0001138268992356095,0.004356860633648472,0.006433898762474633,0.07690761314696012,0.012907970061577442,0.0011605657105952386,0.08661494144551869,2.3217039884886136e-05,1.225431519129649,0.018216129424607493,7.081641799897614,6.001900365593116e-13,2.6443862368109983,72.44214426115687,75.08653049796787,1.2254547361695338,76.31198523413741,0.37543265248983937,0.002450909472339068,0.3778835619621784,0.4901818944678136,75.57671239243568,0.01307761614410797,0.013077616144108087,0.01095251099288804,0.005612526291067395
37.0,0.009433466200849812,0.004285646146464436,0.08219422372656711,0.009438677498205893,0.019070422108697794,0.6547862621173104,0.44493309951301657,7.676072564634694e-07,0.05335073552074193,0.087871131705637,0.08759504213577722,1.5591681437644334,0.0,8.258506449391922,1.0334778522459336,0.9494275184949338,5.113142870000903,0.8064331181705005,0.4250453309097728,0.6306576643234062,0.6440391370766728,2.334061028471677,1.1891387374942326,52.09771846624042,0.02196679635380008,0.02056454700150231,8.491442343214394e-08,4.5100819241455e-05,0.00011852518339522729,0.00580888843365403,0.006918274809013135,0.07497578804618839,0.01289534365944861,0.0011305543027209791,0.08646448783305624,2.3528501556310277e-05,1.2275747769292384,0.018182621555133987,7.071018534903727,5.161739091708029e-13,2.8366614442035436,73.48164817282037,76.31830961702391,1.2275983054307948,77.5459079224547,0.3815915480851196,0.00245519661086159,0.38404674469598116,0.49103932217231794,76.80934893919623,0.01368738978209748,0.013687389782097447,0.011463196763112348,0.005884497023458642
38.0,0.009649521813843624,0.00435749571368809,0.0848091727782597,0.009647197299059308,0.01953310707528702,0.8325678561476966,0.45869354275577046,7.832880782738668e-07,0.054017914706432246,0.0861004168458836,0.08743747248312832,1.5503609406336096,0.0,8.705216154936089,1.079028261095637,0.9914744305652611,5.1961919412501025,0.8200467633518748,0.43092035124090683,0.6410539194340737,0.6484653210994873,2.368054195664356,1.2044730217858384,52.30570503130187,0.02211404376780106,0.020553310567828737,8.691834459034098e-08,4.6090538995774636e-05,0.00012138484993686645,0.0073849494190576575,0.007131417900692962,0.07321138023834772,0.012889036607535875,0.0011028304913262188,0.0863346419918021,2.365950084526654e-05,1.228954842437759,0.018161049844107692,7.060888553659916,-5.851534534695446e-13,3.023637532211725,74.3906293917255,77.41426692393722,1.2289785019386044,78.64324542587582,0.3870713346196861,0.0024579570038772086,0.3895292916235633,0.4915914007754417,77.90585832471267,0.014181978140987607,0.014181978140987535,0.011877414796277257,0.00610398549485066
39.0,0.005242038498987424,0.0022195127360904875,0.046463862531400085,0.004887576027665423,0.009946289542847011,0.4420823216231505,0.19417449243174104,5.703426911693815e-07,0.052693885513703465,0.09245391813920863,0.08815380241276638,1.5732162720445204,0.0,6.922841774250407,0.7605479358834741,0.7861785933843852,5.276012549651189,0.8328062010425811,0.4401068906409761,0.6518382042120041,0.6711810927900999,2.4214710164704902,1.2317647531901796,52.351415694123695,0.02211404376780106,0.020553310567828737,6.798643426895667e-08,2.338279714798562e-05,6.188632744208805e-05,0.003926911331627289,0.0030221531434374243,0.08126345721694066,0.01119046092226797,0.0014165070194187828,0.0867372953933476,2.0894992788026193e-05,1.3740380927222091,0.01589429684016755,7.167577735968483,5.344370779258867e-13,2.330926821292797,72.34616470563948,74.67709152693227,1.3740589877149971,76.05115051464728,0.37338545763466136,0.002748117975429994,0.37613357561009136,0.5496235950859988,75.22671512201828,0.008557296101558755,0.008557296101558889,0.007166740374464005,0.004117902777444202
40.0,0.004135160281578057,0.0015869393883483345,0.0346781612791643,0.003484853176775693,0.007340480990626132,0.05056001244179319,0.11467440650918749,3.7905394957309855e-07,0.04932713172920433,0.09763137377271686,0.08869492634711997,1.5963982553514249,0.0,5.5143260566254915,0.5477201700773302,0.6364348710585662,5.316723497090818,0.836883754830544,0.4444628784078881,0.6563148997687515,0.6890938535174639,2.4470970699376666,1.2492375972859975,52.39777976128953,0.02211404383502786,0.020553310562775717,6.389641202875877e-08,1.667690631757018e-05,4.568514206007441e-05,0.00044925114484407246,0.0017852235937765263,0.08644368992809309,0.011187683844623764,0.0015148714653034333,0.08718005488181653,1.5798625619777233e-05,1.3712077820928954,0.015938838966699037,7.1945235280678945,8.37711844337008e-13,1.862185780202052,70.73607440989005,72.5982601900921,1.3712235807185151,73.96948377081063,0.36299130095046056,0.0027424471614370303,0.36573374811189757,0.548489432287406,73.14674962237952,0.006281035179071314,0.006281035179071482,0.005260370551286643,0.003016304981061915
41.0,0.007717626571458185,0.0033126297883366495,0.06194672443863513,0.007160765768554814,0.014769366702627537,0.1994548429879091,0.2802268934520141,6.369123166190461e-07,0.05081281066448174,0.0953573970209734,0.0882103992309911,1.5878701405107452,0.0,6.557350236550269,0.7586750173166277,0.766269880009725,5.334803545547098,0.8367256264355762,0.44355912412349835,0.6568571304236979,0.6867883189847195,2.4446466464266154,1.2495175158569412,52.598484969562826,0.02225963436911093,0.02054236740633117,7.745988890729275e-08,3.423465168745006e-05,9.183853757853133e-05,0.001770443802096177,0.004359115102228699,0.08242532912721004,0.01293206789376336,0.0012465140646329288,0.08696388516635817,2.0623729652444837e-05,1.2212014174876458,0.018282386844653,7.1109231302131475,8.056853795235241e-13,2.213272437797079,72.3336780112376,74.54695044903467,1.2212220412172983,75.76817249025197,0.37273475224517333,0.0024424440824345967,0.37517719632760793,0.48848881648691933,75.03543926552159,0.011831086058695983,0.011831086058695994,0.0099085413341217,0.00506002507777991
42.0,0.008214382306003404,0.0036718189246988963,0.0688115507014531,0.007952493843316921,0.016167895184935523,0.30014481115713326,0.3354321142739302,6.831295583062333e-07,0.05224614707466552,0.09334452291243103,0.0878683522809246,1.5796876989610598,0.0,7.334467696956124,0.89281174855753,0.8565143457782324,5.372512385680253,0.8418969452057973,0.44569165735824484,0.6611181880300322,0.6887312561492015,2.458860715341005,1.256169546026641,52.782837932238714,0.02239761192661876,0.020531668533989425,7.882088228475637e-08,3.801606913736086e-05,0.00010052584208576824,0.002663936242882935,0.005217462107358228,0.08049363212801716,0.012850890784413871,0.0012205383710738441,0.08664781390985075,2.156049137018053e-05,1.2299671476174614,0.01814536376376723,7.103358708150235,3.3775066077268434e-13,2.3723295955567547,73.59161241732177,75.96394201287852,1.2299887081088317,77.19393072098735,0.3798197100643926,0.0024599774162176635,0.38227968748061025,0.4919954832435327,76.45593749612205,0.012699459955374345,0.012699459955374342,0.010635804968755264,0.005470405507304364
43.0,0.008637793161167962,0.003915378660618162,0.07401980659454406,0.008519828775415662,0.017240247103135046,0.4119678871637277,0.3784952537564227,7.165715780368295e-07,0.053269505895084474,0.09158957704701165,0.0876273670480142,1.5715043965273598,0.0,7.961269442683151,0.9849962918830204,0.9245068786907323,5.424792528256258,0.8503304444128766,0.4491603870760791,0.6675404138081503,0.6919492652535593,2.4798506037903234,1.2659989901428792,52.96567741725986,0.022533937188979444,0.020521067420382077,8.044755503614355e-08,4.072338305397218e-05,0.0001071818602219894,0.0036559738656325893,0.0058867370231846725,0.07875652867088152,0.012833048376130127,0.0011929140598954811,0.08643445298811872,2.2121634353624304e-05,1.2327890046746246,0.018101237175812225,7.094487150451798,5.214856324542438e-13,2.527570814209054,74.6660726632569,77.19364347746595,1.2328111263089783,78.42645460377493,0.3859682173873298,0.0024656222526179567,0.38843383963994776,0.49312445052359133,77.68676792798955,0.013436186507319835,0.013436186507319712,0.011252813876955207,0.005801035617354648
44.0,0.0088101355209827,0.003987989556885896,0.0763774309824546,0.008718348317254652,0.017644508382227357,0.518283209181398,0.39648331603170606,7.325688685751213e-07,0.05396494623053686,0.09026622831411787,0.08743594885294657,1.5638506944884236,0.0,8.401088937350124,1.036379955158256,0.9683138925078864,5.4859652642985015,0.8604047254188465,0.4535125223325117,0.6752051028093908,0.6962139612761549,2.5055057627845048,1.2779260888217987,53.118988091976455,0.0226479341233804,0.02051072272613693,8.14687665343559e-08,4.166920904171623e-05,0.00010968777327492754,0.004599106003004585,0.006166144690716201,0.07748079060196753,0.01278543771215035,0.0011755882785236308,0.08626036057442295,2.2358352586941934e-05,1.2377279781294208,0.01802405092069187,7.0890088590100655,7.084367814602643e-13,2.6481213112607387,75.47950430473443,78.12762561599517,1.2377503364820077,79.36537595247718,0.3906381280799759,0.0024755006729640155,0.3931136287529399,0.4951001345928031,78.62272575058797,0.01382811137124895,0.013828111371248966,0.01158105117443127,0.005994166922812309
45.0,0.008977957154527441,0.004044893809839957,0.07829563059069289,0.00887860732905209,0.017999531906903374,0.629833964161735,0.40725395441643264,7.458140266537902e-07,0.05450230204983042,0.08907065346336324,0.08726065680121828,1.5564577985684351,0.0,8.755452787803732,1.072368244126243,1.0018552901931295,5.553886653974828,0.871417158038178,0.4583713899193309,0.6836666631620709,0.7010298322432162,2.5339908721138733,1.2912112112298326,53.270934347611394,0.022759528847682987,0.02050053375181541,8.272545687444027e-08,4.243132422745621e-05,0.0001118855508595017,0.005588447970541912,0.0063331947933346466,0.07628787887980941,0.012782774583553827,0.0011556448177925242,0.08610501198342575,2.2493041892366085e-05,1.2386221817267389,0.018010070571402,7.082360825648914,4.438428791164739e-13,2.7662453858014757,76.19418445041583,78.96042983621732,1.2386446747686313,80.19907451098595,0.3948021491810866,0.0024772893495372626,0.39727943853062386,0.4954578699074525,79.45588770612477,0.014230668571131838,0.01423066857113179,0.01191819305934347,0.006173122759868327
46.0,0.004941738501335968,0.0020867764766513935,0.04349523893775677,0.004554265840585076,0.009295110416592435,0.20989562285657276,0.17296039339812436,5.219469763553432e-07,0.05247219066119881,0.09537987393235142,0.08799719977343143,1.5808697453614269,0.0,6.965330963916915,0.7586500570542312,0.7978060432072627,5.627679872690723,0.883014880310246,0.46699741701286024,0.6935545532705988,0.7239473557254416,2.583616387016808,1.3176448871291717,53.319758241197356,0.022759528847682987,0.02050053375181541,6.582218859410536e-08,2.1791597882607855e-05,5.7842891259999274e-05,0.0018647570982330485,0.002692308565961724,0.08415953303524386,0.011220340897107564,0.0014597116873961387,0.08653748808603529,1.9333691343428837e-05,1.3712664345566785,0.015937701580343834,7.18162768146825,-6.454593803884023e-13,2.0805716043972207,74.13800065853161,76.21857226292883,1.371285768248022,77.58985803117685,0.38109286131464415,0.002742571536496044,0.3838354328511402,0.5485143072992088,76.76708657022805,0.008490784064089579,0.008490784064089619,0.0071110365050803025,0.0040776542432006116
47.0,0.003906333826587407,0.0015014048947783927,0.03250216620874716,0.0032585142873634513,0.006877975775775359,0.02673920415859887,0.08387918056875124,3.212847147894552e-07,0.04709316284026354,0.09954900343154215,0.08868000115540227,1.6055654313122087,0.0,5.550611147622077,0.5489393569056626,0.6488629596315089,5.662352417037744,0.8860875458475145,0.4709848721188598,0.6972489441835042,0.7326388546426831,2.601195853018094,1.3285040189430684,53.36914961309894,0.022759528847682987,0.02050053375181541,6.566657866803845e-08,1.5591762143958906e-05,4.280165158015958e-05,0.0002375595343214692,0.0013056784068626794,0.08786264793679652,0.011686355494745629,0.001474466062041836,0.08720553509336043,1.3203131743764934e-05,1.3251852922791176,0.016658102588405648,7.182655610548084,-4.425279587216835e-13,1.811323695157789,72.49657558304966,74.30789927820746,1.3251984954108613,75.63309777361832,0.3715394963910373,0.0026503969908217226,0.374189893381859,0.5300793981643445,74.8379786763718,0.005877013727506398,0.005877013727506418,0.004922002354753924,0.0027275584648848513
48.0,0.003113009032891874,0.001118903741038164,0.025966584193257695,0.002436757173591845,0.005275853377615683,0.016921317148187624,0.05676868202456947,2.5376418392101947e-07,0.04408206151929154,0.10123771655715014,0.0893581199737439,1.630331181628183,0.0,4.432294319496507,0.40855669052476384,0.5397907565325407,5.666797752241366,0.8836069259879538,0.472391765684487,0.6968629284966003,0.7310223495191728,2.598176689682265,1.3281977217632983,53.41868115017459,0.022759528872766253,0.0205005337498788,6.73263372623224e-08,1.1658316889135327e-05,3.2828057610070893e-05,0.00015031549375821106,0.000883587438857197,0.08908877625672208,0.012148940300428054,0.0014497080984169392,0.08790841187532697,1.091954129856185e-05,1.2809531021255576,0.01734937328395775,7.171815011702122,2.595042236652745e-13,1.7860146036028106,71.17637905010355,72.96239365370636,1.280964021666856,74.24335767537322,0.3648119682685318,0.0025619280433337123,0.3673738963118655,0.5123856086667424,73.4747792623731,0.004680983314715173,0.004680983314715178,0.003920326200661706,0.002099960273641335
49.0,0.007663676407300685,0.0033848960927647955,0.061458945313767464,0.007210177446789665,0.014788149210945787,0.20055935007001452,0.2823230734791607,6.356208541414664e-07,0.05111911429616264,0.09658865965952744,0.08857765609634183,1.614557819843995,0.0,6.21991520641859,0.7517665701325987,0.7557189766106982,5.64771026332092,0.8779941794589341,0.4681347378461908,0.6927565514741414,0.7240529124303076,2.5785447214584183,1.319775216428746,53.61897320267997,0.022919097315782445,0.020488213897684467,7.765299719950763e-08,3.4470402700148625e-05,9.195416331413092e-05,0.0017802219387418028,0.00439167398750018,0.08346139402179524,0.0131272656377322,0.001248634953774431,0.0873290211425674,2.0027461336803608e-05,1.2047962328636592,0.018538755121172458,7.1098417769980555,-4.3026346374652746e-13,2.2430658377817556,73.6553425382595,75.89840837604126,1.2048162603249961,77.10322463636625,0.3794920418802063,0.0024096325206499924,0.3819016744008563,0.4819265041299985,76.38033488017126,0.012615339205595022,0.012615339205595013,0.010565353792750745,0.0053229610645691705
50.0,0.008650920529094948,0.004007202261427061,0.07351678179239296,0.00861020128666764,0.01736532910637699,0.3560128780951878,0.3831633109369258,7.118892142730767e-07,0.05345519317107711,0.09318456481311439,0.08804486514553568,1.5990661457037465,0.0,7.608911841498939,0.9771806529429864,0.9111830041062838,5.666466475365611,0.8815119322651297,0.46857361977099155,0.6950189805336298,0.7226631883701613,2.583871159544547,1.3215115537506155,53.8156570720652,0.023073879828194366,0.02047617194810378,8.013846776809777e-08,4.115626503002461e-05,0.0001079616826011961,0.0031594795416568944,0.005959444827682036,0.0801711940680824,0.01301337074503199,0.0012031573813953429,0.08684170776414034,2.148302967048287e-05,1.217644940418209,0.018337903092611952,7.096158965449883,2.4139024112912466e-13,2.503848674772111,75.65254948021409,78.1563981549862,1.2176664234478796,79.37406457843409,0.39078199077493103,0.0024353328468957594,0.39321732362182676,0.4870665693791519,78.64346472436536,0.014122936279366454,0.014122936279366513,0.011827967203434727,0.006022633343900127
51.0,0.009170233544097475,0.004261868521881867,0.08010483261588569,0.009252001124481336,0.018625666875489014,0.5236851822501292,0.43825712419214147,7.504620328233873e-07,0.0547656982070378,0.09052298597918362,0.08765173660139154,1.5840429231331508,0.0,8.582406726315652,1.103673437835466,1.0104892830678454,5.7076669204603245,0.8895798989589946,0.4711691337748675,0.7005232988409614,0.7229096396713838,2.599708257224195,1.3279332799598242,53.939356705067624,0.023174964965320344,0.020464418829660606,8.24065717122213e-08,4.421680788867227e-05,0.00011578004790020746,0.004646713125331679,0.006815448685177948,0.07757469782429384,0.012948288154889784,0.0011652563942236903,0.08648648020716786,2.2132246407008913e-05,1.2248707528858704,0.018224959196758383,7.0840381530534975,8.847089727481716e-13,2.722166280926327,77.05541658117714,79.77758286210347,1.2248928851322773,81.00247574723575,0.39888791431051734,0.0024497857702645547,0.4013377000807819,0.48995715405291096,80.26754001615639,0.014941628705933888,0.014941628705933829,0.012513622578463644,0.006409570976310332
52.0,0.00961153720125729,0.004440718315236649,0.08525607362658748,0.009727224202916359,0.01962002718629482,0.7243185393827335,0.4750035312303017,7.798128328669328e-07,0.05573141229948345,0.08800765913588068,0.08733198472586227,1.5695348009735168,0.0,9.335297382288053,1.1870928310559858,1.0822806716555908,5.766795464426888,0.9005213556133164,0.47518041281841805,0.7082858541028197,0.7238515704829211,2.6227760647546847,1.337545606203118,54.06017456016075,0.023273944474416296,0.02045294105336086,8.523882769081705e-08,4.6478495935990636e-05,0.00012193845234203255,0.006425581833440566,0.007385703428316842,0.07505020278778624,0.012957456348094448,0.0011229245109553405,0.08620906021490693,2.250157329924531e-05,1.2253082059372156,0.018218100909900364,7.069362531868562,8.95453849958372e-13,2.9532446442311606,78.19980177356256,81.15304641779372,1.2253307075105149,82.37837712530423,0.4057652320889686,0.00245066141502103,0.4082158935039896,0.49013228300420597,81.64317870079792,0.01571308788181755,0.01571308788181749,0.013159720079057198,0.006742914262796513
53.0,0.005070700536347073,0.00222374072949193,0.045444673269030594,0.004817359240337195,0.009717537743129287,0.2897690083469877,0.19051211236891924,5.461436610889548e-07,0.0535880639757984,0.09507709221712994,0.08817539862310492,1.5948553906335403,0.0,7.425360385777787,0.8370060926067375,0.8591408161800376,5.848568040215206,0.9145857363842568,0.48500039425483094,0.7196763412394982,0.748330495430054,2.679332792257966,1.366465822010329,54.11081573948079,0.023273944474416296,0.02045294105336086,6.571939376734261e-08,2.3050638048920025e-05,6.047203903783751e-05,0.0025743891198468484,0.0029655368177887442,0.08390778534052279,0.011169306876607152,0.0014649174973321304,0.08671048112577279,1.9664371488053867e-05,1.3768427047759786,0.015850551690658153,7.182306451395104,8.381385863120983e-13,2.195999132987243,75.9942826558375,78.19028178882473,1.3768623691474666,79.5671441579722,0.39095140894412367,0.0027537247382949334,0.3937051336824186,0.5507449476589866,78.74102673648372,0.009144448129157852,0.00914444812915788,0.0076584805330610056,0.004409431341568836
54.0,0.0040044574007948325,0.001590427257824554,0.03375489413917602,0.003426247290654779,0.007154499556879394,0.029232824517485705,0.09271353448494157,3.32951362516663e-07,0.04814806877911854,0.10000084390656178,0.08890184488489854,1.6205038559609295,0.0,5.915996871039013,0.6030039521770628,0.6963093266374832,5.888507973967321,0.9191107116914277,0.48961748696663265,0.724247028890058,0.7606974100630967,2.7018379663616905,1.3805323320804828,54.16211267013557,0.023273944474416296,0.02045294105336086,6.445425586176383e-08,1.639578593383589e-05,4.4526010415143046e-05,0.0002597374132252534,0.001443295856429091,0.08845314870470596,0.01154769520185582,0.0015054864716708518,0.08739635841322768,1.3509554506628738e-05,1.3385416176896743,0.01644939085244266,7.190748401254602,-9.905236353358049e-13,1.8405291423391674,74.24197373000985,76.08250287234901,1.338555127244181,77.42105799959319,0.38041251436174506,0.0026771102544883617,0.3830896246162334,0.5354220508976724,76.61792492324668,0.00632597511309908,0.006325975113099045,0.005298007771712185,0.002965514923335967
55.0,0.007690264332027868,0.0033463804438670108,0.06255627564299061,0.007195514877369428,0.014806745525893105,0.20283120804186658,0.2856624762791349,6.377275090513886e-07,0.0521422192347633,0.09658034232181156,0.08828641849009401,1.608118926990696,0.0,7.1252470350168835,0.8368241751762219,0.8424238129449314,5.8852486398795385,0.9159486176833631,0.4870103451624664,0.722254857239735,0.7549638530790855,2.6884391414377773,1.3754419396409219,54.27300010590902,0.023366740088378576,0.02044238750002013,7.678393271793414e-08,3.4402457715132974e-05,9.20750568540674e-05,0.0018005056011782604,0.00444384128260991,0.08358133801699956,0.012999004304812004,0.001258414717509762,0.08702800377258425,1.986575551920299e-05,1.217120486592168,0.01834619876327818,7.114729647962846,-4.353462035311395e-13,2.2443506490961176,75.90680252316994,78.15115317226606,1.2171403523476874,79.36829352461375,0.3907557658613303,0.0024342807046953746,0.3931900465660257,0.4868561409390749,78.63800931320513,0.013041433016013395,0.013041433016013411,0.010922207602434678,0.005559038012157472
56.0,0.008277089769385832,0.0037305878737943416,0.070012800709683,0.008052814969993344,0.016369311357221656,0.31550639397809693,0.35015045191833916,6.889210630984171e-07,0.05388259838047871,0.09410013825567337,0.08781026553892565,1.5960832674234149,0.0,8.042460019856732,0.9868448070580734,0.94521651341761,5.90641855490739,0.918867786955845,0.4878315383443716,0.7245782126050431,0.7545345945492812,2.6949704267532333,1.378118070943003,54.373072258494645,0.023452207561717803,0.020432092723227616,7.832455637378197e-08,3.849702016801256e-05,0.00010178149179703226,0.0028003828291577096,0.005446552611163614,0.08121562668650027,0.012884511569173099,0.001227352658909488,0.08658291288001617,2.0847041226092376e-05,1.2291609041246523,0.01815800590897637,7.106102056260673,-4.899552985548894e-13,2.422066005301471,77.21291278388523,79.6349787891867,1.2291817511658785,80.86416054035259,0.39817489394593353,0.002458363502331757,0.4006332574482653,0.49167270046635136,80.12665148965306,0.01405831594634788,0.014058315946347877,0.011773847637609301,0.006051775289740219
57.0,0.008691238757407392,0.0039592314168184085,0.07507048298110462,0.008592756432914147,0.0174026169301425,0.43699386519084094,0.39223531602717665,7.216698195721338e-07,0.05496806244312796,0.09209781118084108,0.08745461724569349,1.5845577640745618,0.0,8.741322915653877,1.0838695063954087,1.0181492605431564,5.9453320362686055,0.9255039256770912,0.4902630958444963,0.7294572445847054,0.7557713871646433,2.7100104199262534,1.384705798332244,54.47037299460178,0.023535885838104065,0.020422068913417316,8.007988674730483e-08,4.107305293681389e-05,0.00010819392062475227,0.0038781722804838493,0.006100564699600793,0.0792442969365206,0.012853514244320477,0.00119595377345962,0.08625866347223388,2.137724986430364e-05,1.2331769335309388,0.018095222311463318,7.096476549727731,-5.217562493164962e-13,2.582472055923914,78.25475858499226,80.83723064091618,1.233198310780803,82.07042895169698,0.4041861532045809,0.0024663966215616065,0.4066525498261425,0.4932793243123213,81.3305099652285,0.014801371939101223,0.014801371939101242,0.01239615745610242,0.006392461496058073
58.0,0.008833535340238587,0.0040001386544388645,0.07695914756279204,0.008728246809336919,0.01770686529521984,0.5470035411304232,0.4029104597460067,7.355257467366783e-07,0.055610632553368525,0.09065564738368091,0.08713671773720147,1.573665156934319,0.0,9.196791795680328,1.13052763163199,1.060569108210482,5.993259291246518,0.9336012877109391,0.4935637343384339,0.7355322629977067,0.7581546871088491,2.7297729079245436,1.393446457116525,54.51672857419901,0.0235823793226716,0.020412328596482825,8.114868345597173e-08,4.171748039734091e-05,0.00011007773287783813,0.004854079652258253,0.006266215093904496,0.07785837965747208,0.01279726772620883,0.0011761238262111018,0.08596059391099037,2.1596458431194394e-05,1.238768548743167,0.018007839623236765,7.0907185217089115,7.724758332994242e-13,2.69541845955189,78.94194773816533,81.63736619771721,1.2387901452015981,82.87615634291882,0.4081868309885861,0.0024775802904031963,0.4106644112789893,0.49551605808063925,82.13288225579785,0.015121739831116358,0.015121739831116358,0.01266446574871466,0.006560435776859027
59.0,0.008983775317940609,0.004042060942741187,0.07857735576361437,0.008855615615789292,0.018006149798277325,0.660848009883325,0.4072772694191055,7.47427632783198e-07,0.05609038220659976,0.08934856197960128,0.08683206559468408,1.563213691122305,0.0,9.544899508744574,1.161226233212061,1.0911668149902454,6.048177287452454,0.9425340790830522,0.49735052330284824,0.7423819611151332,0.7611539951203133,2.752347046721407,1.403596747680616,54.56118484529915,0.023628699627085012,0.02040280911597503,8.251865763193237e-08,4.232207590085891e-05,0.00011192820881384308,0.005863723623232089,0.0063336323777654965,0.07655336802904208,0.012795193950559197,0.0011528123938610553,0.08567925320082302,2.172204217778951e-05,1.23953594058177,0.01799584127677442,7.083447845504827,5.584803453029252e-13,2.805895057497331,79.50601904272186,82.31191410021918,1.239557662623948,83.55147176284314,0.41155957050109593,0.002479115325247896,0.41403868582634384,0.4958230650495792,82.80773716526876,0.01548066332382896,0.015480663323828954,0.01296506437894067,0.0067203121425357705
60.0,0.00494654844186278,0.0020892185955332697,0.043414587702921274,0.00454156376635629,0.009296457308964294,0.2035329168469886,0.17102277125141666,5.201341335419998e-07,0.05335647440852048,0.09609297347012424,0.08762456752571131,1.5897525321019412,0.0,7.5932366234093545,0.8216844488783887,0.8687999595293434,6.128713744943134,0.9551041045708994,0.5066190674434223,0.7530721905502101,0.7861502294410868,2.8054386073729667,1.432374383703888,54.614262527258404,0.023628699627085012,0.02040280911597503,6.548852867399249e-08,2.1731342817722658e-05,5.785254270637738e-05,0.0018082750138808806,0.0026621983819512204,0.08483933623177235,0.01125363723835189,0.0014608125879697076,0.0861637549377416,1.8795307351622498e-05,1.3692813504641803,0.015968752168288414,7.183834766724109,-9.673511991437067e-13,2.0819535905586384,77.2654558871011,79.34740947765974,1.369300145771532,80.71670962343127,0.3967370473882987,0.002738600291543064,0.3994756476798417,0.5477200583086128,79.89512953596835,0.009198414256300387,0.009198414256300387,0.007703677195377644,0.004411095025644945
61.0,0.003909943728576111,0.0015035448881672814,0.03248946532493364,0.003251128828226414,0.006882068912414675,0.026588839100899875,0.0825660848122031,3.210550592177022e-07,0.047426841005124634,0.1003491745000025,0.08837093812047812,1.616597053489422,0.0,6.050845518454622,0.5947089056536904,0.7064768823918314,6.166624242638283,0.9584562868550394,0.5109364009460188,0.7570884661795293,0.7947722272024688,2.823656455362935,1.443685712377083,54.66795157003338,0.023628699627085012,0.02040280911597503,6.578566783777285e-08,1.5556289667847226e-05,4.282678766273712e-05,0.00023622152025222184,0.0012852297478592614,0.08855003246983928,0.011799142030163218,0.001466711609540143,0.08690422651093799,1.2899048497970537e-05,1.3156728744056663,0.016806753122880255,7.1818687121147065,9.542124035366584e-13,1.821215291145027,75.47520266809488,77.2964179592399,1.3156857734541643,78.61210373269407,0.3864820897961995,0.0026313715469083285,0.38911346134310787,0.5262743093816656,77.82269226862157,0.006386434914725465,0.006386434914725337,0.005348642890119301,0.0029427079834340613
62.0,0.00724796453756862,0.0031087698199770432,0.05853903584969453,0.006664898165995624,0.0137930705929334,0.17005921910266283,0.2509137769825064,6.070584409476395e-07,0.05219931104731342,0.0971416572310696,0.08772402201257119,1.6054175077097588,0.0,7.129650242891053,0.8146282696993506,0.8407569168038554,6.1490646405076195,0.9524980939661198,0.5073601432963409,0.7532118312042595,0.788116764173113,2.8049928993522975,1.435834012696951,54.70775073623393,0.023676054903713266,0.020393417343988255,7.581901505484278e-08,3.186774281769276e-05,8.577700734427633e-05,0.0015097028881266427,0.003903497084721693,0.08420953440677256,0.012932122824297038,0.0012660820857661125,0.08645793992680507,1.900568439909605e-05,1.2228940226569696,0.01825604101671061,7.120221861679898,3.3879149485827043e-13,2.1679441608668517,76.8838645508249,79.05180871169175,1.2229130283413687,80.27472174003312,0.39525904355845876,0.0024458260566827374,0.3977048696151415,0.48916521133654745,79.54097392302829,0.012881697112746417,0.012881697112746417,0.010788428692179778,0.005516995906331055
63.0,0.0079311107687877,0.00355525011275511,0.06660925546234597,0.007637894649191139,0.01557317793599519,0.2659178094605735,0.314594812238556,6.651156876210178e-07,0.05405360775674275,0.09483540457740156,0.08723825982450058,1.5944940009106507,0.0,8.04497774342634,0.9729469795625306,0.9463250669489424,6.158818084571208,0.9532396865628296,0.5072571856662058,0.753976603062625,0.7868736967188484,2.8066706068474847,1.4362078967528868,54.7950816463524,0.023749802284313497,0.020384253239616682,7.74020729490534e-08,3.651589235979367e-05,9.683714619104879e-05,0.00236040691375433,0.004893747071997033,0.08198242625137821,0.012852978326023348,0.0012336844285399412,0.08600457539596064,2.010164278916617e-05,1.23206028491781,0.018112749671485837,7.111247408073183,-8.289861852528446e-13,2.330367584411286,78.1623751964723,80.49274278088359,1.2320803865605992,81.72482316744419,0.40246371390441793,0.0024641607731211985,0.4049278746775391,0.4928321546242397,80.98557493550783,0.014092213107237442,0.014092213107237525,0.011802236529222309,0.006080676747412682
64.0,0.008350722787524181,0.003798290924892129,0.07168785706369031,0.008197282693350735,0.016629867710323133,0.36488641019467893,0.35458429584842144,6.993626563608675e-07,0.055174375980314154,0.09304487163783925,0.0868836970470177,1.5840380874732187,0.0,8.746026841877995,1.0753865272240697,1.0214088833686001,6.187078936621487,0.9580260264313953,0.508896552824967,0.7574790248034731,0.7876157720916944,2.8175261838136887,1.4408515862484583,54.8811566657786,0.02382093816740553,0.020375337121144747,7.888173964531076e-08,3.9186084977949604e-05,0.00010339779849973798,0.003238535652837225,0.005515344533939004,0.08022670656285329,0.012818165074985968,0.0012059428124728514,0.08567775423454485,2.0682544850233442e-05,1.2364440423620555,0.018044217155040638,7.103023520099961,-6.343189862256793e-13,2.46734789003907,79.18145300108442,81.64880089112349,1.2364647249069058,82.8852656160304,0.4082440044556174,0.0024729294498138116,0.41071693390543124,0.4945858899627623,82.14338678108625,0.014850342801444184,0.014850342801444255,0.012437170581295327,0.0064306030376050346
65.0,0.008965957940831257,0.004136759877983137,0.07851440247944592,0.008974198166384674,0.018131654140001296,0.5224844150754134,0.4104215143022536,7.410721213104595e-07,0.056338017679418526,0.09083587013811986,0.08665985918823552,1.5738383959089401,0.0,9.476144465413368,1.181078771425578,1.09859765806017,6.237463927716597,0.9670685877680335,0.5121821048009297,0.7639365506497316,0.7892652228425365,2.83714113834158,1.449491519197656,55.08501845327842,0.02397431964548135,0.020366595484435722,8.175089392802702e-08,4.2891167902686824e-05,0.00011271404410466086,0.004636287761477035,0.006382809681686345,0.07793152165566859,0.01290434848245127,0.0011611865086632457,0.08549867267957227,2.1199072501247066e-05,1.230564697843569,0.0181360496301637,7.087507489727166,-4.681775800374766e-13,2.6818060566427935,80.3973883994946,83.0791944561374,1.2305858969160701,84.30978035305347,0.41539597228068703,0.0024611717938321405,0.4178571440745192,0.49223435876642807,83.57142881490383,0.01600730686467279,0.016007306864672825,0.013406128645307346,0.006898639943352042
66.0,0.009208291032660198,0.004251997081939498,0.08159602477385984,0.009268932227133892,0.01871413916610407,0.6890896447521511,0.4328016988248106,7.603088191809277e-07,0.057169835293114306,0.0890141401495985,0.08650762736965206,1.5642813197286658,0.0,10.021362908422578,1.2482702027203587,1.152567968301549,6.300336642553431,0.9784349225910668,0.51667157691069,0.7721419941085876,0.7919642693740426,2.8633935096181573,1.4608079928140922,55.28252964477047,0.024125168661759223,0.020358098761318343,8.351702511656489e-08,4.429418225305689e-05,0.00011632151750631525,0.006113852325648642,0.006730181940878454,0.07613492605010752,0.012879214099490985,0.001134955867295334,0.08537267150235672,2.1416457338935687e-05,1.233740048392214,0.018086421191288896,7.078224983672153,-4.388468755056607e-13,2.8663826431892585,81.38848163218502,84.25486427537427,1.233761464849553,85.48862574022382,0.4212743213768714,0.002467522929699106,0.42374184430657047,0.4935045859398212,84.74836886131409,0.016566781298912512,0.016566781298912602,0.013874688803651778,0.0071581790568792224
67.0,0.00498450801916228,0.002157691446799915,0.04410201131624896,0.004660317634219647,0.009467876877169835,0.21582018197609168,0.1747550822352932,5.259557456030923e-07,0.054049722936995635,0.09622559551811198,0.0873899662294905,1.591909162083905,0.0,7.971856728345804,0.8817929786780107,0.9166455224525655,6.385880533096158,0.9926097042784281,0.5266441350377571,0.7837768793938853,0.8181389818446675,2.9203700796925216,1.4912587727101825,55.33778532948093,0.024125168661759223,0.020358098761318343,6.534788470918002e-08,2.229980516904051e-05,5.891984452111948e-05,0.0019174607810329902,0.002720318732313611,0.0849777995100626,0.011247796008049385,0.001459984695589366,0.08592998153390113,1.8670824825898404e-05,1.3705050119590665,0.015949640237588582,7.1847684658339945,7.348427422115833e-13,2.1019070804816318,79.02675964501091,81.12866672549255,1.3705236827838925,82.49919040827645,0.40564333362746274,0.002741047365567785,0.40838438099303054,0.548209473113557,81.67687619860611,0.009672522002361383,0.009672522002361362,0.008100742703596103,0.004642598326294399
68.0,0.003939068280670456,0.001548204868877823,0.03293709459554009,0.0033272928512954976,0.006993894585856639,0.027087288500221043,0.08393575953933731,3.242124883280182e-07,0.04783008187137389,0.10070929831549595,0.08820326001569337,1.619865231534683,0.0,6.352153935380892,0.6368094443720647,0.7444374913353028,6.426636611415617,0.9968225792361404,0.5313249334867023,0.7882905560897872,0.827487671357485,2.9402035792606784,1.5035370743124048,55.393697518509974,0.024125168696657415,0.020358098759352353,6.561048944442545e-08,1.5920927129973888e-05,4.352317506615534e-05,0.00024065304439785834,0.0013065633264782279,0.08889564602488235,0.011813652290613597,0.0014677722300201316,0.08673548778567323,1.2852359335227824e-05,1.314863946454933,0.016819395540183947,7.183026722458822,3.434370843269363e-13,1.827464240840344,77.14140139475705,78.9688656355974,1.3148767988142682,80.28374243441166,0.394844328177987,0.0026297535976285364,0.3974740817756155,0.5259507195257073,79.4948163551231,0.006718142918558852,0.006718142918558857,0.005626448532858897,0.0030936473901255475
69.0,0.008193478403650315,0.0036439695334229754,0.06772302510570112,0.007823843343455846,0.01603170386612997,0.2614832745527874,0.32702733228981395,6.748616417547178e-07,0.054391912486604174,0.09581268038479278,0.08750704846111944,1.6040764265503618,0.0,8.003540060593545,0.9584379102172285,0.9444068041788678,6.415076154327627,0.9926763729140611,0.5276004552755589,0.7852561814830294,0.8194214359080911,2.921670628938674,1.495608237193444,55.60651423010705,0.024295313396140973,0.020348513655617066,7.837428483138834e-08,3.7402272022435886e-05,9.96819821223355e-05,0.002320873808581541,0.005086860481761774,0.08268649352573015,0.013126186859062625,0.0012223492699296834,0.08628469919118975,1.9710427301302234e-05,1.209172960511144,0.018470388566307765,7.1058264090983725,-5.865655183789897e-13,2.350395640993569,79.47020847113717,81.82060411213074,1.2091926709384453,83.02979678306919,0.4091030205606537,0.002418385341876891,0.41152140590253056,0.48367706837537816,82.30428118050611,0.01517326140495951,0.015173261404959518,0.012707615096246344,0.0064255176807157584
70.0,0.008893615617510429,0.004117913886443007,0.07701056017121234,0.008885896665733478,0.01794952481066184,0.44370779749197836,0.4120710415308652,7.319726508185886e-07,0.05652389613611928,0.09246932294909752,0.08703350707774178,1.5888031274364247,0.0,9.226129807058928,1.1618768099617638,1.0821915599648588,6.4359124617444055,0.9967681303998682,0.5282924688457372,0.7879199504498619,0.8172268434784187,2.928039352171794,1.4972248744016003,55.795781958451805,0.02445670684239691,0.020339206545863506,8.075792995941897e-08,4.247217804138452e-05,0.00011158913244793022,0.003937554846964389,0.006408827345153485,0.07947004953810301,0.012999273410994508,0.0011803376847038323,0.08585316939303794,2.0656067179062504e-05,1.222753415483553,0.0182581348548716,7.092814821708631,-8.785784599840696e-13,2.6179641057195995,81.25736421692903,83.87532832264863,1.2227740715507323,85.09810239419936,0.4193766416132432,0.0024455481431014644,0.4218221897563446,0.48910962862029284,84.36443795126893,0.01645020634383009,0.016450206343830136,0.013777057212162422,0.0070445132545681275
71.0,0.00943908198141161,0.004412899643599639,0.08380541822825086,0.009595224405033931,0.019314000547534745,0.6611098558142486,0.4669519792987882,7.702393701242762e-07,0.05786075355924328,0.0895751062036222,0.08672644881269327,1.5739851837540233,0.0,10.1746199982963,1.2956683953449024,1.1816327090702954,6.480743605046565,1.0058633026498158,0.5311062778566644,0.7940173124928619,0.8163839641183089,2.9452485388642997,1.503552607307425,55.980974561020275,0.02461335937668008,0.02033013234002954,8.376050869350854e-08,4.585265666341865e-05,0.00012004815667017938,0.005865497873496825,0.007261126668518531,0.07658242361173627,0.012992682591885935,0.0011345624623959093,0.08559188635029737,2.1151515380386705e-05,1.2250085314164951,0.018222867702906678,7.076960693768172,4.291705879566621e-14,2.886475167471504,82.70981127206771,85.59628643953921,1.2250296829318754,86.82131612247109,0.4279814321976961,0.002450059365863751,0.4304314915635598,0.49001187317275013,86.08629831271196,0.017461307855812475,0.01746130785581247,0.014623855306163785,0.007491290501962105
72.0,0.009914834497014281,0.004612071818836157,0.08931798442738866,0.010114735340660853,0.02039473260097896,0.925627090950218,0.500802861308344,8.000158175858859e-07,0.05892493081229771,0.0867352114147623,0.08652001372839647,1.5599289154979954,0.0,10.975070368707353,1.3914796834622527,1.2601993445673452,6.546913984751496,1.0184591942015613,0.5355969108354721,0.8028270049520148,0.8161772188053252,2.9711013577374796,1.513564365629551,56.194892421005086,0.024772207181570836,0.02032133268832736,8.722626834214319e-08,4.832318186012854e-05,0.00012673669737648494,0.008210202418214524,0.0077859642444920345,0.07371205572167348,0.013023155693088817,0.0010874548644143572,0.08543255886398211,2.1439324703371293e-05,1.223775947861162,0.018242108832876077,7.0593527068326845,4.930569841299359e-13,3.1796389572695514,84.02628185465494,87.20592081192449,1.2237973871858654,88.42971819911035,0.43602960405962243,0.002447594774371731,0.43847719883399416,0.48951895487434616,87.69543976679883,0.018379092016652263,0.01837909201665226,0.015392500065264252,0.007877106577190943
73.0,0.01019471170782704,0.004706109400924288,0.09263970979903267,0.010388238733126429,0.020995556946346132,1.221672471035032,0.5057089936147392,8.179148464724142e-07,0.059741965159084816,0.08407918006088655,0.08635478340332155,1.5463988908669855,0.0,11.602693435301948,1.4559976083617312,1.3181901464960555,6.626376983182899,1.032927047747999,0.541155341881076,0.8132475047064215,0.816246766268566,3.0027480921251795,1.5257776261229958,56.40463831757248,0.02492670920820475,0.020312741446217045,9.054939388588102e-08,4.961797524742688e-05,0.0001304418573742615,0.010833376817819245,0.007860744037978654,0.07104840376925188,0.013030776291634669,0.001046027684657256,0.0853087557186643,2.154841055339701e-05,1.2241613897830834,0.018236079484980044,7.04311445239463,-7.863397433194308e-13,3.472447465177945,85.13999886976735,88.6124463349453,1.2241829381936369,89.83662927313894,0.4430622316747265,0.0024483658763872736,0.4455105975511138,0.4896731752774547,89.10211951022276,0.019032165317531234,0.019032165317531043,0.015939449327898713,0.008159576813705216
74.0,0.005470314890585366,0.00236513625092818,0.048732235929546466,0.0051596417972921615,0.010486371340094275,0.7384910800824681,0.19713060947179858,5.959916529040926e-07,0.05613742348025359,0.09215453343724611,0.08733739310827758,1.5754391788523423,0.0,9.2245322201854,1.0232874734156636,1.041772016171409,6.738541386131323,1.0515084960869738,0.5535456804891505,0.8283562953828048,0.8459935831013519,3.0735203941824047,1.5626537877439266,56.4627188935432,0.02492670920820475,0.020312741446217045,6.902210744111999e-08,2.4682552246105574e-05,6.52422999667544e-05,0.006559326625955187,0.003067980344782937,0.08085123281951115,0.011303300617734963,0.0013826640756154068,0.08595472903266217,1.9825994446437883e-05,1.367727114446594,0.015992972688119684,7.161011784597174,-3.766639777857961e-13,2.639412588086962,82.4064302264336,85.04584281452055,1.3677469404410403,86.41358975496159,0.4252292140726028,0.0027354938808820807,0.42796470795348485,0.5470987761764161,85.59294159069697,0.011259064838222269,0.011259064838222244,0.00942947323513742,0.005393150414548264
75.0,0.004308020217532731,0.0016818280622672968,0.03663094167456788,0.0036800329941903977,0.007749163793950239,0.11751460155409739,0.1402456169412233,4.532249061811989e-07,0.05335179581035065,0.09889558885912292,0.08799891615265233,1.6049386951518918,0.0,7.345239827133602,0.7341513650037933,0.84020316467036,6.7984907350957675,1.0583002294004777,0.5596669025222931,0.8351154239642645,0.8747716250032381,3.110816458766585,1.5898466268121842,56.52171797719875,0.02492670924239697,0.020312741444347,6.24992002086194e-08,1.7612721784398546e-05,4.8233105649038146e-05,0.0010442865000828928,0.0021834849622560373,0.08778299890597835,0.01111258995314457,0.0015359976456038225,0.08646291850704851,1.6880946838335744e-05,1.381679213447246,0.01577515520670995,7.2041255402112165,9.22747989129391e-13,1.9701011494249778,80.2683203355713,82.23842148499628,1.3816960943940844,83.62011757939037,0.4111921074249814,0.0027633921887881686,0.4139554996137696,0.5526784377576337,82.79109992275392,0.008870919973064939,0.008870919973064908,0.007429400546046519,0.004292562640124357
76.0,0.008261044213191578,0.003613113419365666,0.06863349683579188,0.007816009884472671,0.01608729565600879,0.29019384049929775,0.34557747302329034,6.824213809392938e-07,0.05607931511387189,0.09576663191909342,0.08729508878221659,1.59104743486891,0.0,8.812942436617142,1.030485376712907,1.0214247924836832,6.7916687083339795,1.054072373626675,0.5563421111274321,0.8324500547551839,0.8692867218080551,3.0966351999320656,1.5841805969901495,56.72314322491483,0.025080209219179264,0.020304346300316342,7.765144664383431e-08,3.7366769446188975e-05,0.00010003239362177686,0.002575843517506804,0.005375627698619025,0.08275131179841078,0.013015320120682641,0.0012305794688004376,0.08606450931341615,1.9396387508981184e-05,1.2208219134207678,0.018288393304582037,7.109850448968492,7.343500807444059e-13,2.3873097059355817,82.3726315973021,84.75994130323768,1.2208413098082769,85.98078261304596,0.4237997065161884,0.002441682619616554,0.426241389135805,0.4883365239233108,85.24827782716099,0.016154510033386107,0.016154510033386162,0.01352941138321269,0.0069069587553851714
77.0,0.00891393023608107,0.004067823523567782,0.07729504486339149,0.008821786325061557,0.017893745713534085,0.47017143678914103,0.41866641911300045,7.342863041411944e-07,0.05788473630862303,0.09275484942881412,0.08684733176672191,1.5776161419675563,0.0,9.945099320731348,1.2270417291593412,1.1518749133898039,6.815789967242548,1.0579046079695176,0.5572120661319802,0.8352666188306689,0.8673176883169744,3.1042619359855452,1.5863439131956478,56.931897359539235,0.025244743430436103,0.020296191319465043,8.033433028196532e-08,4.216703444347199e-05,0.00011124546021815533,0.004172531921271657,0.006511561424184954,0.07977426091368284,0.012980588515131286,0.0011839386924889512,0.08566339307423296,2.0165624614986944e-05,1.2260546373992922,0.01820658391509858,7.09509882251903,7.633026155584588e-13,2.6413317991262613,84.0800101204926,86.72134191961887,1.2260748030239073,87.94741672264277,0.43360670959809433,0.0024521496060478146,0.43605885920414217,0.4904299212095629,87.21177184082843,0.0174377250144266,0.01743772501442671,0.014604104663028618,0.007487561545428594
78.0,0.009404481139320214,0.004343431593132311,0.08350355452495885,0.009474596532465648,0.01913919966917583,0.684737231454521,0.4658575210679266,7.689642743478194e-07,0.05914323676275967,0.09003965125503473,0.08656622519854158,1.5645187072598106,0.0,10.83615427287399,1.3575905797254064,1.2472561480314939,6.862185232389373,1.0665835827755807,0.5600963656445057,0.841343175081152,0.866555531828019,3.1219161250122003,1.5928838674890604,57.13760540644565,0.0254029718666221,0.020288226144390884,8.318334579974788e-08,4.527809451765801e-05,0.00011896617537764075,0.006075388955275884,0.0072443472352242255,0.07705660328147584,0.012983047973558884,0.0011402204605131024,0.08542600473802849,2.058204250386016e-05,1.2274295517288123,0.018185074852581397,7.079963615431231,-5.792484547573196e-13,2.900122728968345,85.49017028729644,88.39029301626478,1.2274501337713162,89.61774315003609,0.4419514650813239,0.0024549002675426325,0.4444063653488665,0.49098005350852647,88.8812730697733,0.01841312702704116,0.0184131270270411,0.015421004405911588,0.0079152544490501
79.0,0.009620932757018967,0.0044535697755157715,0.08655816032045671,0.009757480477890218,0.019683934831389017,0.9129847240856013,0.47883688664812923,7.860203874531665e-07,0.059966322058229625,0.08778300842721856,0.08637575099946246,1.5520569737146113,0.0,11.45364949940439,1.4344097155106095,1.3088790108388824,6.921450329144403,1.077820433824868,0.5642221530497402,0.8492537645786339,0.8666402294894098,3.146069030766985,1.6020490854221,57.311685311021066,0.025551432097782184,0.02028048975537198,8.549222928675516e-08,4.6622215468279254e-05,0.00012233360165320205,0.008099124483339281,0.007445199216949643,0.07482587674913861,0.01295713167807995,0.0011073794151589763,0.08526837158430348,2.0745137796198326e-05,1.2306401745023234,0.018134898678289543,7.068073358151959,-8.228175085722711e-13,3.1339197706892294,86.53612856305108,89.67004833374031,1.2306609196401197,90.90070925338043,0.4483502416687016,0.0024613218392802393,0.4508115635079818,0.4922643678560479,90.16231270159636,0.01895777826643295,0.0189577782664329,0.01587715013010127,0.008170700359355382
80.0,0.009771797394918813,0.004502827895407139,0.08844760636382112,0.009906980985311085,0.02000724013429754,1.153651024029457,0.4734381611888645,7.972654216759308e-07,0.06054845808731202,0.0857708353933258,0.08623480637997578,1.5404073801066405,0.0,11.909776597816867,1.4821596746391132,1.3514684877676073,6.990505533597011,1.0905184476416736,0.569141446895204,0.8583678117279844,0.8673357539952967,3.1745408811704454,1.6130960861565051,57.480251769045395,0.025696291664029924,0.020273001748960472,8.782694249030544e-08,4.732858816282489e-05,0.00012432384077586199,0.010232284459135361,0.007360273087909687,0.07281718767651289,0.012953647716812913,0.0010765497806165117,0.08515825659935927,2.0808687293684423e-05,1.231655489452554,0.018119030410348947,7.056372236030767,-5.736557062707703e-13,3.3606822734514514,87.38716249045311,90.74784476390455,1.2316762981398477,91.9795210620444,0.45373922381952275,0.0024633525962796956,0.4562025764158025,0.49267051925593913,91.24051528316049,0.01939072718742915,0.01939072718742927,0.016239745098811084,0.008364194034836042
81.0,0.005327008359833045,0.002286538477230864,0.047242333201926584,0.004983152716513545,0.010152387060719695,0.6141776081720182,0.19234758868143156,5.850292213339776e-07,0.05665161549003949,0.09400510418122555,0.0872356053624921,1.5710583950587433,0.0,9.470174157334077,1.043468321084055,1.070334895377884,7.1018791595666,1.108678283121181,0.5813561787311778,0.8732202053495359,0.8989725141002294,3.24445660028466,1.6509502770898412,57.54155379894962,0.025696291664029924,0.020273001748960472,6.742971113091729e-08,2.384100523387774e-05,6.317099003302147e-05,0.005455821751548198,0.002993814548962543,0.08270886735319583,0.01129623682802973,0.0014131387716213636,0.08582246659087074,1.9261185178087458e-05,1.3688482600463965,0.015975490088702044,7.171148700838224,-4.2897976837430463e-13,2.5042272122476774,84.58504439098886,87.08927160323654,1.3688675212315746,88.45813912446812,0.4354463580161827,0.002737735042463149,0.43818409305864586,0.5475470084926298,87.63681861172917,0.011596509521375222,0.011596509521375198,0.009712083350084817,0.0055593415065973515
82.0,0.004199192260333235,0.0016310897730101696,0.03534029664099213,0.0035435272363198425,0.007474454639675512,0.048884043038451466,0.11777150359983114,3.7955244679239563e-07,0.05211332765796071,0.10078333427650135,0.08796026184720053,1.6021637249691758,0.0,7.542297812509955,0.7503159965616225,0.8652935057900839,7.159797727195945,1.1149080377417109,0.587382742609055,0.8796403290561162,0.925019590992898,3.2797428677792895,1.6761345714695386,57.60376446347876,0.025696291667547805,0.020273001748777345,6.218699584775123e-08,1.6959783970052177e-05,4.652418969049283e-05,0.00043441537359088935,0.0018336181628641904,0.08950886647067771,0.01127446780582364,0.0015428956953554016,0.08641736615184513,1.4602943266158983e-05,1.3665909190963657,0.016011052181165445,7.206300422737169,-6.345410308306043e-13,1.8731215393681968,82.38429764518497,84.25741918455317,1.3666055220396318,85.6240247065928,0.42128709592276586,0.002733211044079264,0.4240203069668451,0.5466422088158528,84.80406139336903,0.008482051027327884,0.008482051027327795,0.007103722581802446,0.0040595712433759605
83.0,0.008475243936987132,0.0037459987074317204,0.0710354174958601,0.008100268291510863,0.016617136978696885,0.30715770071652765,0.36481669288970303,6.952624284719122e-07,0.05726542567853152,0.0960977041470955,0.08714525099302034,1.5842434627046518,0.0,9.296925388866432,1.1034220550490275,1.081206415946827,7.1331092068880615,1.1077331685414011,0.5822444070153988,0.8745085970423268,0.9141913075096787,3.2537341358456846,1.6640480145723715,57.78070706064108,0.025855277774934064,0.02026472554299019,7.810794261911957e-08,3.872447818978408e-05,0.0001033238989252049,0.0027263257356692537,0.005674754829133595,0.08297109806863102,0.01312660607846447,0.001221388181909973,0.08592386281111036,1.906688087113351e-05,1.2128810183630812,0.01841249038402322,7.107304801458591,-3.548758509275274e-13,2.421458042662329,84.7918297579183,87.21328780058062,1.2129000852439522,88.42618788582458,0.4360664390029031,0.0024258001704879043,0.438492239173391,0.48516003409758085,87.69844783467819,0.01741774412463624,0.017417744124636286,0.014587370656412593,0.007398622378466065
84.0,0.009634755691126928,0.004511958594188516,0.08558144280675546,0.00980547577393821,0.019738030847175052,0.6125897435336671,0.5027129334262495,7.76929202975505e-07,0.060065153892564706,0.0912587105291217,0.08674258791201488,1.5674705430594562,0.0,10.921546179497454,1.3929204026822286,1.2696800585472046,7.160514370231701,1.1134159787056415,0.5830793082901382,0.8780611347149199,0.9091216355479123,3.260273679294391,1.6648215555813086,58.167806392918635,0.02616200277588099,0.02025680668800041,8.32974004452397e-08,4.68589465549611e-05,0.0001226874938465256,0.005435207541135177,0.007817418624384885,0.07808444552664866,0.01317426500247304,0.0011409996043169378,0.08560158830769794,2.005633008981427e-05,1.2124996367002188,0.018418387631929562,7.079368551893382,2.730558834596053e-13,2.8721108145543246,87.32124069601154,90.19335151056586,1.2125196930303086,91.40587120359616,0.45096675755282933,0.0024250393860606174,0.4533917969388899,0.48500787721212346,90.67835938777799,0.019759090947856384,0.019759090947856578,0.016548249958642087,0.008390528820188141
85.0,0.010257318198044239,0.0048725755697534776,0.0940378962016267,0.010674796880932511,0.021373361847975364,0.977243770191657,0.5738025154996327,8.183773862393896e-07,0.061809992658387054,0.08711437427606114,0.08659812434703203,1.5514162249137455,0.0,12.163447222558288,1.5805102626637717,1.4036779236641055,7.219591105960007,1.1261944678089217,0.586966465884746,0.8863792842673008,0.9053741441739034,3.282419313426635,1.671657888763163,58.54324224320661,0.026458978420089797,0.020249135173362066,8.784913014000694e-08,5.0996591101983676e-05,0.00013281264905081367,0.008667629391860597,0.008920569133890834,0.07395499526640935,0.013159379009651792,0.0010808157818311705,0.08551730856520086,2.045715033052683e-05,1.21597777093271,0.018364016733281543,7.0562625344221335,-9.235286146935806e-13,3.305489270339141,89.36946032237745,92.67494959271659,1.2159982280830406,93.89094782079962,0.46337474796358297,0.002431996456166081,0.46580674441974906,0.48639929123321624,93.1613488839498,0.021059184558280788,0.021059184558280836,0.017637079100210853,0.008968254880137371
86.0,0.010490878907064217,0.00493345206067503,0.0972591794985508,0.010894139121192619,0.021862979788122107,1.3561508747176354,0.5711375932186664,8.348594763590491e-07,0.06278112799002233,0.08393271113003903,0.0865297600210259,1.5361290395229645,0.0,12.985932583881592,1.671844795471391,1.4826248309547296,7.29446887893557,1.141595160081756,0.5923644981631476,0.8968025320730766,0.9022443378958198,3.312536785233044,1.681406631677813,58.810261759048316,0.026667888621058216,0.020241698337493445,9.135906765982929e-08,5.2031305937907004e-05,0.00013582378669011393,0.012025152110872704,0.008877355166916744,0.07082648226808047,0.013106228861958558,0.0010389694870006386,0.08549079053402527,2.058774804201946e-05,1.221650502039748,0.018275372147376984,7.039248341150082,-3.987261909532691e-13,3.67164009968437,90.77208279341625,94.44372289310061,1.2216710897877898,95.6653939828884,0.47221861446550306,0.0024433421795755795,0.47466195664507865,0.4886684359151159,94.93239132901573,0.02162230474104444,0.02162230474104442,0.018108692575027053,0.009251022086668646
87.0,0.010740380087047266,0.004997035366296422,0.10018745037123473,0.011108276963812851,0.022362996628156367,1.7717650015277044,0.5494214904465728,8.499540163437358e-07,0.0635283630831869,0.08083035806086766,0.08649378384504722,1.521477383886087,0.0,13.634068392026691,1.733528137828299,1.5412216539279153,7.382593107418582,1.158562828969337,0.5986749304648052,0.9086860704226717,0.8991980023723327,3.347487892539716,1.6931509889045036,59.071692287384565,0.02686868213872646,0.020234463660435444,9.574135954475172e-08,5.303731891799543e-05,0.00013889016956139993,0.015705267332346583,0.008537673837814166,0.06770146595804248,0.013128892102825182,0.00099154632384443,0.08550223752120278,2.0632590118132265e-05,1.2206912987928593,0.018290356895480052,7.018900409749502,5.508059286452038e-13,4.0555892283141155,91.96886429225943,96.02445352057354,1.2207119313829775,97.24516545195652,0.48012226760286775,0.002441423862765955,0.4825636914656337,0.48828477255319097,96.51273829312673,0.02227434689405002,0.02227434689405011,0.018654778250728636,0.009522513213035575
88.0,0.0057592392031275115,0.0024981636228051537,0.0515533919587205,0.005469538956676912,0.011088343025122833,1.2768343728764324,0.19995368129079563,6.188538334728988e-07,0.058235750989599516,0.08986795925818254,0.08768303923541672,1.55384419570172,0.0,10.836411418779868,1.214698760269099,1.213942835676734,7.52228504329217,1.182012477447894,0.6136374054030946,0.9274450979307182,0.932476178947262,3.431566223639784,1.736613479926343,59.136425911015834,0.02686868213872646,0.020234463660435444,7.193371149993674e-08,2.6159539435207388e-05,6.897433555972044e-05,0.01133843611388675,0.0031113970989038115,0.07843926991528255,0.011428689342899992,0.0013328036607267231,0.08635023557469,1.9396348530916833e-05,1.359021141640779,0.016129030366080405,7.143067531213771,-6.379133332679032e-13,3.165237296478834,88.7475148323288,91.91275212880764,1.3590405379893098,93.27179266679696,0.4595637606440382,0.0027180810759786195,0.4622818417200168,0.5436162151957239,92.45636834400337,0.013068100055928993,0.01306810005592901,0.01094454126360082,0.006219842964666199
89.0,0.004526213250937757,0.0017666418818179726,0.03886582126203319,0.003903320549878581,0.00820936801459541,0.5006046479120542,0.16644190719783453,5.424365090574786e-07,0.056682784927607185,0.09747586746287412,0.08841804142316718,1.5867765317351477,0.0,8.625666590870413,0.8680436799495925,0.9753429395159234,7.600439259671969,1.1913204348153978,0.621273336792213,0.9363475364443096,0.9693806947715166,3.478479124768222,1.7716209679158987,59.20229058308268,0.02686868213872646,0.020234463660435444,6.318770923806697e-08,1.868045356969454e-05,5.1095239184662003e-05,0.004448362119784841,0.0025912328874970665,0.08641583598633927,0.011060031476534851,0.0015267874198986679,0.08689125400326851,1.8268945888453882e-05,1.3892930067847913,0.015656102935870372,7.199367388951572,-5.56402146578705e-13,2.3677777791684154,86.24020514859814,88.60798292776656,1.3893112757306798,89.99729420349723,0.4430399146388328,0.0027786225514613598,0.4458185371902942,0.555724510292272,89.16370743805882,0.010978642784243176,0.010978642784243193,0.00919461960470436,0.005341746329452092
90.0,0.008603699493882521,0.0037738751253559165,0.07312523989038877,0.008232565244189442,0.016892531765892317,0.5632569419612726,0.4121718832932503,7.233902187224768e-07,0.059899988755692295,0.09464217787118462,0.08761723982013694,1.572199623781144,0.0,10.268575915830276,1.2089963587792785,1.1807567625170257,7.585281054481832,1.1854083864967222,0.6170896342080443,0.9324944541817609,0.9677528682011208,3.46255324251479,1.7669658330312952,59.45330485232819,0.027061633812074853,0.02022749699054325,7.839986805980078e-08,3.9356114857733e-05,0.00010503426410614917,0.004999347527581495,0.006411261644025444,0.08167269565411162,0.012969482217073003,0.0012234946878315579,0.08639374513230538,1.907873591894023e-05,1.2295248182233696,0.01815243027026558,7.105684668195009,-7.930010814671817e-13,2.718157072701287,88.62917936257034,91.34733643527163,1.2295438969592885,92.57688033223091,0.45673668217635816,0.002459087793918577,0.4591957699702767,0.4918175587837154,91.83915399405534,0.018948068868598813,0.018948068868598792,0.015869018503867516,0.008159114168261991
91.0,0.009376318676953514,0.004309704152699622,0.08321498397809383,0.009413709854588557,0.01901584486837006,0.7745927115376534,0.49611801050519316,7.70165775726408e-07,0.06164910944830632,0.0914103539111778,0.08720353244723456,1.5580868000250485,0.0,11.613378898864104,1.4510832574261847,1.3380980655072312,7.608933373238996,1.1895919753607105,0.6178563045824935,0.9353670398303572,0.9651990399506328,3.4704928864995943,1.768712805372417,59.763227308210105,0.027302790607630793,0.020220742043168632,8.214499575831577e-08,4.49904875193346e-05,0.00011820748692631909,0.006873177280456343,0.007715373719088585,0.07837072088159777,0.013039633029580028,0.0011629402404422014,0.08604059220679236,1.9508490287559406e-05,1.2258119778679168,0.018210416541171923,7.0854188884766005,-5.302563943487826e-13,3.015777963212683,90.72194095484282,93.7377189180555,1.2258314863582045,94.96355040441371,0.46868859459027756,0.002451662972716409,0.471140257562994,0.4903325945432818,94.22805151259878,0.02052385358639032,0.020523853586390525,0.01718873910537903,0.008810965984313569
92.0,0.009866889543111799,0.004599041626749493,0.08975021324532702,0.010097881687276553,0.02029704194051418,1.0608026236744341,0.5398563564751178,8.006220101041935e-07,0.06292300383412198,0.08832119089060579,0.08702670860387927,1.5445246937928696,0.0,12.645076000490729,1.608682260147886,1.4504168153597008,7.65869131953898,1.199729342385495,0.6210759143737602,0.942168650741846,0.9626900615324347,3.4898325084010433,1.7747966441669492,60.064191199550514,0.027536884897434614,0.020214187458744613,8.569970338148858e-08,4.824796570551123e-05,0.0001261422789745109,0.009410275910955548,0.00839386121583993,0.07525766335619481,0.01306352753441098,0.0011130584504610431,0.08591365015341823,1.9759755225451196e-05,1.2253950698574942,0.018216915024775692,7.067020681227393,-4.1540382245131013e-13,3.3427185464415325,92.41735071668934,95.76006926313087,1.2254148296127196,96.98548409274359,0.4788003463156544,0.0024508296592254393,0.4812511759748798,0.49016593184508783,96.25023519497596,0.021580318319515374,0.021580318319515335,0.018073528923006534,0.009261359257162332
93.0,0.010059683246768356,0.004686974162046362,0.09255348614254535,0.010338380440041829,0.0207668996342926,1.371086796419588,0.5372671472743002,8.14194535202896e-07,0.06369719703104114,0.08573936521100646,0.08694294288723088,1.5314096884318917,0.0,13.331793252811986,1.6937850798533634,1.5190130449255101,7.720845693283474,1.2123743525704376,0.6255334475766025,0.9507649626403262,0.9603664116135407,3.515193595526913,1.7830372833684127,60.292486331059045,0.027730265281217786,0.020207804474710146,8.856653843952327e-08,4.938688201035644e-05,0.00012903805224776533,0.012160148932229747,0.008352232254851254,0.07269801290389769,0.013041352307108775,0.0010764385217203096,0.08586650436551058,1.984849215499692e-05,1.228208759722484,0.01817294557457733,7.052730329082976,4.03146266370058e-13,3.641867066977051,93.60519345522962,97.24706052220668,1.228228608214639,98.47528913042132,0.4862353026110334,0.002456457216429278,0.4886917598274627,0.4912914432858556,97.73835196549254,0.022094049511093217,0.022094049511093283,0.018503779089485233,0.009503602639611813
94.0,0.010183922167053543,0.004720626931579965,0.09417262275041315,0.010454559357109735,0.021022569673207224,1.6998797272647732,0.5150873183219705,8.228662246001261e-07,0.0642238492616582,0.08338216020421242,0.08692251523548063,1.5193892397719644,0.0,13.820006652157828,1.7439353705011833,1.5643732253577778,7.794006007985255,1.2266272576919588,0.6308826795444609,0.9606987285475057,0.9585550233060796,3.5451504440677795,1.7932813081102135,60.51205782494886,0.027918823600606584,0.0202016715153625,9.155273388770597e-08,4.99311408486972e-05,0.0001306010768326539,0.01507281707203333,0.00800606093762394,0.07033861756740666,0.013043542636805766,0.0010415040209451885,0.08588101121453544,1.9864917416916193e-05,1.2286754352486728,0.018165652742901748,7.03832868255161,5.337327801946401e-13,3.9391352583659542,94.5495745222189,98.48870978058486,1.2286953001660899,99.71740508075095,0.4924435489029243,0.0024573906003321796,0.4949009395032565,0.49147812006643593,98.98018790065129,0.022502857723337513,0.022502857723337575,0.018846156200821824,0.00968312651090887
95.0,0.005536785362491406,0.0023823451136061567,0.0493548436365577,0.0052127740843387425,0.010587014558002273,1.1166431019002363,0.2006603672710961,6.074349067267657e-07,0.058922064715454706,0.09268209524796853,0.08811702443638188,1.5535926807329707,0.0,10.986682016369768,1.2246968791231327,1.2356603161660433,7.929446611782308,1.249039820575849,0.645373155026302,0.9787333320184443,0.9945493406722128,3.6273076857271422,1.8376861982955188,60.58046470687088,0.027918823600606584,0.0202016715153625,6.906424751559797e-08,2.4936649269404262e-05,6.586828205831448e-05,0.009918066359786721,0.0031229070792026027,0.08130799728127444,0.011374097966694086,0.0013941689427309685,0.08672285549365091,1.8849762533404456e-05,1.3644033919434664,0.016044966866725897,7.1607467156497515,6.431834231879208e-13,3.002892584809661,91.2896400626276,94.29253264743726,1.3644222417059997,95.65695488914325,0.4714626632371863,0.0027288444834119995,0.47419150772059826,0.5457688966823999,94.83830154411966,0.013391860289678682,0.013391860289678748,0.011215690644354102,0.006399181915082433
96.0,0.004358129869049799,0.0016919988039198167,0.037389219557086927,0.0037296340262875445,0.007851418971871412,0.2836779311849776,0.1649939169419019,5.117343265781648e-07,0.05697614528528584,0.10083538383618212,0.0888672449147543,1.5883521121844772,0.0,8.747721580800762,0.8777515937447454,0.9959837000419509,8.002719805915945,1.2573296921130797,0.6527079389392902,0.986934610874717,1.0327966127274226,3.673230434249923,1.8727733936139426,60.6499835697739,0.027918823600606584,0.0202016715153625,6.051142768252511e-08,1.7852672676813487e-05,4.8875964885558824e-05,0.0025212654041778513,0.0025690842229846465,0.08982584501260225,0.01100953882357987,0.0016011906996780123,0.08726605421507629,1.7311788961314127e-05,1.3940489665184894,0.015581850887339465,7.218162600375652,7.884387587253627e-13,2.1490210185591847,88.74993293279567,90.89895395135486,1.3940662783074507,92.2930202296623,0.4544947697567743,0.0027881325566149013,0.4572829023133892,0.5576265113229802,91.45658046267783,0.011072917201462536,0.011072917201462602,0.009273574482991478,0.005406059699759371
97.0,0.008199440691509763,0.003561325667095503,0.06923716486707308,0.0077530481537328505,0.015934085536550156,0.35537296881309977,0.38998694096265496,6.88888651956949e-07,0.06005293886499553,0.09828986668880142,0.08811990903425952,1.5764808560956918,0.0,10.349081670568463,1.2094615210354693,1.1966928709676354,7.974321858303574,1.248810627871042,0.6477547176548224,0.9813241567072671,1.0285211124194031,3.6510086889657574,1.8644840150954924,60.87082346284871,0.028065656097535266,0.020195803657898453,7.489299777806453e-08,3.7073129043312523e-05,9.909768622543481e-05,0.003155048427284898,0.006067397639229998,0.08534365072366783,0.012946215965133595,0.0012872911949970169,0.08683261783926251,1.8140466259084096e-05,1.2316743553965328,0.018118902393788643,7.125558785351343,9.698630787369211e-13,2.486579458541055,91.02228470243764,93.5088641609787,1.231692495862792,94.74055665684149,0.4675443208048935,0.002463384991725584,0.4700077057966191,0.4926769983451168,94.00154115932382,0.01898666951214493,0.018986669512144908,0.01590134656489275,0.008190029125371178
98.0,0.009032026618803491,0.0040609835162768665,0.07919693444773541,0.00887836016976583,0.018050015985150582,0.5423930212153287,0.4765113215384786,7.43853346621524e-07,0.061947429835064544,0.09511735589778879,0.08768150252081232,1.5645371307761506,0.0,11.736166940123136,1.4437671154824823,1.355263882780326,7.986308245816694,1.249876916085842,0.647585139421313,0.9823263789702903,1.0245584165514563,3.6519524213047854,1.8634403837001394,61.13588455218036,0.028211679139936358,0.02019006277793023,7.830661261024034e-08,4.24436490318938e-05,0.00011223194920283122,0.004814197707387316,0.0074120899635334225,0.08209613865296363,0.013021217244825162,0.0012258298024947652,0.08645567271831756,1.875910472250842e-05,1.2277223254685476,0.018180614196509737,7.106201562349727,-7.656687783796912e-13,2.7646079679561018,93.07713039241682,95.84173836037291,1.2277410845732701,97.06947944494618,0.4792086918018646,0.0024554821691465402,0.48166417397101113,0.49109643382930807,96.33283479420223,0.02068669389446278,0.02068669389446291,0.017325117956432212,0.008894714188477858
99.0,0.00952371831224924,0.0043358294583116545,0.08546451535823249,0.009527212191933497,0.019292454325515705,0.782512950955931,0.5281150262611131,7.771693693549412e-07,0.06331139286107268,0.09215097710713042,0.08744745474912195,1.5530867493398461,0.0,12.79581099794925,1.595494185412069,1.4678352971222226,8.02590424408283,1.256860831465013,0.6499477995411862,0.9873516014882243,1.0216689249561797,3.6651773595464925,1.8675635043457615,61.39303557227305,0.028353330821806758,0.020184497668528784,8.134299669469865e-08,4.553557369469218e-05,0.00011993328464127429,0.006943875609316434,0.008213352218303462,0.07911588061012208,0.013035096497008347,0.0011775363924825017,0.08626991835663946,1.908545473236352e-05,1.2282516600992894,0.018172322946028607,7.089679832128155,5.940525849013056e-13,3.0551706262335747,94.72665031818228,97.78182094441586,1.2282707455540218,99.01009168996988,0.48890910472207927,0.0024565414911080436,0.4913656462131873,0.4913082982216087,98.27312924263747,0.021776310257045163,0.0217763102570452,0.01823767228267231,0.009367256475878268
100.0,0.009697868677838341,0.004406367539549299,0.08788145024337943,0.009723411123466474,0.01969769241306964,1.0303164859551177,0.5316873967283651,7.910454280621567e-07,0.06408421779163688,0.08982708385275584,0.08728132622952732,1.542082076876217,0.0,13.47843647972653,1.6717482121721232,1.533451970988055,8.078187759077597,1.266192588272616,0.653542705309933,0.9941400044190439,1.0195582157308931,3.6848320957817915,1.8742277624451003,61.56665111156917,0.028448435211352575,0.020179088976035226,8.353711092134041e-08,4.646596942855906e-05,0.00012243483008094938,0.009141326319952247,0.008267871427570704,0.07682757375131365,0.012999510101442194,0.001144834859908475,0.08613649136961885,1.9213357232586168e-05,1.2321805884141754,0.018110925447202136,7.078120548613824,-3.196991282816697e-13,3.2995777583940678,95.82096890549286,99.12054666388693,1.232199801771408,100.35274646565833,0.49560273331943466,0.002464399603542816,0.4980671329229775,0.4928799207085632,99.61342658459549,0.022241075532506267,0.022241075532506243,0.01862691346642529,0.009597782496805908
101.0,0.009885126717335999,0.004466526518183963,0.09002311282668977,0.009897261482308286,0.0200898744638897,1.3013676876970204,0.52281915213479,8.034033552013513e-07,0.06469457297725975,0.0875756331217572,0.08714673758309514,1.5315822401321693,0.0,14.00263943307755,1.7219550176679888,1.5807820442080533,8.141609554295945,1.2770020768508086,0.6579283569762546,1.0022129451307051,1.01782459252079,3.708732650121205,1.8827827273586144,61.735305501088014,0.02854146387511498,0.02017383544865962,8.617710505793981e-08,4.728777132180987e-05,0.0001248508564415009,0.011543889614671836,0.008128739039440154,0.07456094613786311,0.013014686983894089,0.0011084975466595357,0.0860382400364356,1.9274951688145105e-05,1.2316599796961925,0.018119056108767184,7.064608099229774,-5.462783003729044e-13,3.5548263583530026,96.72877489929593,100.28360125764893,1.2316792546478805,101.51528051229681,0.5014180062882446,0.002463358509295761,0.5038813647975404,0.4926717018591522,100.77627295950808,0.022757640664816753,0.02275764066481675,0.019059537059886732,0.00981654862201865
102.0,0.0053754051231943364,0.0022688675283808234,0.04753918564702407,0.0049632231066987316,0.010163639131488818,0.6599782346931371,0.20925621562215876,5.891081130337943e-07,0.05938267586610971,0.0972862189905593,0.08827900123547926,1.567338939381433,0.0,11.13383434030839,1.2125310173965318,1.2517014065342846,8.273997503705097,1.2978752851893052,0.6720286693119244,1.0194629106875357,1.0552704339608292,3.790131527246377,1.9274643932696383,61.806818899586546,0.02854146387511498,0.02017383544865962,6.506987895366769e-08,2.3749695956983757e-05,6.325082142171174e-05,0.005863719168018656,0.0032574313059588085,0.0859571914610853,0.011329027529473998,0.0014810328122948808,0.08679796842318438,1.8191788574514016e-05,1.3687780208286213,0.01597665441376787,7.186620001162304,-4.074622583782883e-13,2.5662669752077383,93.44111638719646,96.0073833624042,1.3687962126171958,97.3761795750214,0.480036916812021,0.0027375924252343916,0.4827745092372554,0.5475184850468783,96.55490184745108,0.013595385284321408,0.013595385284321504,0.01138614294365611,0.006517263775739887
103.0,0.004235927905681521,0.0016193121600545062,0.03541615615177234,0.0035220441547441825,0.007467345212636652,0.03787274615546208,0.11801330568188127,3.6129726454504475e-07,0.0532062760810436,0.1050520809070906,0.08911700721455278,1.6036303778582277,0.0,8.866784750298452,0.8721235547351304,1.011697672622924,8.343551904762048,1.3049201211885755,0.6791230456950049,1.0269767851990983,1.0841934680826115,3.830795735433209,1.9561577271857225,61.87940177654014,0.02854146387511498,0.02017383544865962,6.020926379147583e-08,1.685936781314631e-05,4.6485986939480234e-05,0.000336612097393492,0.0018375912328281977,0.09363319869504,0.011418882212050604,0.0016136032133776254,0.08750340400117515,1.3236539035394311e-05,1.3553083754039903,0.016187427326623594,7.220336683094369,-7.971540094686702e-13,1.8649838526587685,90.85572654174292,92.72071039440169,1.3553216119430256,94.07603200634472,0.4636035519720085,0.002710643223886051,0.4663141951958945,0.5421286447772102,93.2628390391789,0.009661396661132046,0.009661396661132034,0.008091425223959819,0.004585838871480359
104.0,0.008049122627527439,0.0034777833909324196,0.06762293902328653,0.00754676118918522,0.015561232470303077,0.26769035193094515,0.3645451815554837,6.692663075588416e-07,0.05994801438181262,0.10041909016173256,0.08837070847830228,1.5909867862541036,0.0,10.534848290643378,1.21849968057709,1.2204490192650832,8.297161513183081,1.2931507643634064,0.6727267428799686,1.0190025638079003,1.0712047274544259,3.794797760376182,1.939665825210658,62.03890526597708,0.028642567107749827,0.020168591217640506,7.384223562761625e-08,3.608944892924621e-05,9.678551464744169e-05,0.00237677888541859,0.005671917479288714,0.08735385244702727,0.013065237714705288,0.0013090529194848886,0.0870616555588174,1.7467483965656756e-05,1.221444866470876,0.018278780219645463,7.131695163200461,6.669560737027069e-13,2.3854288420898877,93.10041215373825,95.48584099582814,1.2214623339548416,96.70730332978299,0.4774292049791407,0.0024429246679096833,0.4798721296470504,0.48858493358193666,95.97442592941007,0.019279468079929512,0.019279468079929533,0.016146565532709593,0.008247259735301882
105.0,0.008724401057203644,0.003937871439951712,0.07628469690195147,0.008558426251509455,0.01739165744672619,0.4454245694343947,0.45495455547957814,7.238415152665326e-07,0.06219786257779712,0.09704521407488961,0.0878903659141452,1.5785661088971177,0.0,11.840689914448124,1.4494422770486306,1.372027984080708,8.288502503987727,1.2911435683070902,0.6711310697108516,1.0175391495946584,1.064959856610927,3.786638960209698,1.9341207977135522,62.21273688372974,0.028755675130288573,0.02016350456963157,7.638505666145623e-08,4.09198456681895e-05,0.0001081520469378831,0.003954093487798479,0.007077555524896169,0.08404240221061977,0.01300281186426984,0.0012592175994433927,0.08663114831470181,1.819271855707511e-05,1.2295618810525069,0.018151906539645542,7.116991594882891,8.13099587659849e-13,2.656040873327745,94.9289329654417,97.58497383876944,1.2295800737710638,98.8145539125405,0.4879248691938472,0.0024591601475421276,0.4903840293413893,0.49183202950842553,98.07680586827787,0.020810296320471044,0.02081029632047108,0.017428635058837152,0.008961266870726984
106.0,0.009220409251028414,0.0042251657546313725,0.08250466512185022,0.009226304600204283,0.018657251937224315,0.6587848625243373,0.5126728403191689,7.595713630262631e-07,0.06364144592583446,0.09412563356882499,0.08760332644088431,1.5662478855780275,0.0,12.857651552140926,1.6025277154218283,1.4817000281019252,8.306205136793563,1.2950418352942255,0.6719061759596459,1.0199804181004253,1.0604025105484385,3.7907899143765125,1.933927046951558,62.38134486535867,0.028866997543429362,0.02015854406061673,7.916298124934309e-08,4.4104302059118206e-05,0.00011600111021034286,0.00584689634942302,0.007974187879957219,0.08111873568616215,0.013006897882662835,0.0012116711655345016,0.08639165527534981,1.858164584107065e-05,1.2310114907314333,0.018129232080456976,7.101477858783999,-4.996593416795037e-13,2.9251815905836698,96.40147719904772,99.3266587896314,1.2310300723772745,100.55768886200867,0.496633293948157,0.002462060144754549,0.4990953540929115,0.4924120289509098,99.8190708185823,0.02192739266821774,0.021927392668217728,0.01836420388835372,0.009453439666242461
107.0,0.009431825036592588,0.004308426581107354,0.08519211134557307,0.009455625125670082,0.019136735317717504,0.8756951088515088,0.5237569071522727,7.760160358565508e-07,0.06444094373034562,0.09188246460987973,0.08739369037792336,1.5545702155711125,0.0,13.536128736596652,1.6806521156265821,1.5473628606913077,8.339406706653273,1.3017090420788757,0.6740998259345038,1.0245209501223083,1.0570896422390965,3.802548028916178,1.936981248837061,62.482675811308475,0.02892826767485885,0.02015375225205658,8.117667001925006e-08,4.519396270070528e-05,0.00011896654371231669,0.00777085433796158,0.008145651463840503,0.07890817347741136,0.012974291132468369,0.0011791911121993956,0.08621449926572396,1.87641298821342e-05,1.2347213993027504,0.018071253353777555,7.090568768021524,-2.934805176657562e-13,3.145988674727936,97.38317496900433,100.52916364373226,1.2347401634326325,101.7639038071649,0.5026458182186613,0.002469480326865265,0.5051152985455265,0.493896065373053,101.02305970910531,0.022422146631101272,0.022422146631101248,0.01877856061495775,0.009695873027126836
108.0,0.009633563171968538,0.00437701485159236,0.08745244204176426,0.009647866411014117,0.019562176888822756,1.1133910842073467,0.5217057428254356,7.896274956717498e-07,0.06505949662511366,0.08974109276088184,0.08721814649475547,1.5433896518329913,0.0,14.055480146038295,1.7315550353497369,1.5943338000955356,8.384659513668291,1.3100298092807618,0.6771649613991706,1.0304730260316142,1.0543416668973382,3.819057540187112,1.9421886675062174,62.58108334477605,0.02898788980980284,0.020149105770558413,8.35371969927929e-08,4.610495815039816e-05,0.00012159250635175658,0.009878392993969214,0.008112654183616197,0.07675401559152263,0.012987077169359207,0.0011440049929022414,0.08607414150185323,1.8862007655417295e-05,1.2344089131815177,0.018076129832061513,7.078120101143985,9.201493733623778e-13,3.374219828483545,98.18036751123012,101.55458733971366,1.234427775189173,102.78901511490284,0.5077729366985684,0.002468855550378346,0.5102417922489467,0.4937711100756692,102.04835844978933,0.02293613851702365,0.022936138517023932,0.01920902911309913,0.00991562531998676
109.0,0.005243527134945836,0.0022276831536651854,0.046365606118245827,0.004846463072786219,0.009913013680370541,0.44323007607336773,0.20927367329933927,5.710546255808295e-07,0.05951983745217762,0.09971427508926685,0.0883768761848533,1.5802012876124956,0.0,11.17748860150644,1.2207001455171722,1.2643614711620903,8.51336111155418,1.330525588617236,0.6910304707619753,1.0473117732814023,1.0923285616698133,3.8995127330520907,1.9866712411370724,62.654706616335055,0.02898788980980284,0.020149105770558413,6.314632471914078e-08,2.3194200281727172e-05,6.169892533785039e-05,0.003938545215543858,0.0032580623509381986,0.0884068340223496,0.011307441066917251,0.0015270594564696358,0.08684981672838367,1.7652595278907754e-05,1.370810015169739,0.015944938201768923,7.199651921445086,4.4444656288611384e-13,2.360821738652019,94.87799831459452,97.23882005324654,1.370827667765018,98.60964772101156,0.4861941002662327,0.002741655335530036,0.4889357556017628,0.5483310671060072,97.78715112035255,0.013640094836450192,0.013640094836450302,0.011423587219109814,0.006548403240107998
110.0,0.004135920856641277,0.001593043068369071,0.03442344866341823,0.0034411122092644934,0.007286216334601245,0.02925895337549068,0.09852108539075016,3.3813101900918895e-07,0.051386692513309,0.10657692798630117,0.08935755829544469,1.617520883526336,0.0,8.903127563708857,0.8792876525415494,1.023631626575998,8.579118697492577,1.3371651471595838,0.6979527322320802,1.0544156668129174,1.1123651292067605,3.9338098449747,2.009333544401408,62.72934581400313,0.028987889813511483,0.02014910577031813,6.158066938208233e-08,1.6470332486042645e-05,4.5354323734232916e-05,0.00026002597716772027,0.0015339562354248267,0.0947576946189178,0.011819233367383372,0.0015825648637254354,0.08777499343171925,1.2144957866053528e-05,1.3185174058873352,0.016762354449144555,7.210555594624691,-9.144109081038465e-13,1.8475676940691992,92.25955341910957,94.10712111317876,1.3185295508452013,95.42565066402396,0.4705356055658938,0.002637059101690403,0.4731726646675842,0.5274118203380805,94.63453293351684,0.009371141923542629,0.009371141923542648,0.007848336715384976,0.004327321262575034
111.0,0.008244215368177538,0.003608893312024029,0.06971832978085928,0.007814784757116293,0.016066619641154342,0.2965033386965129,0.3895241577371087,6.834604706596281e-07,0.06090347652187233,0.10037607911628017,0.08844802604937875,1.5996815733652896,0.0,10.844579135716177,1.2741216289510382,1.2630588940360066,8.507280001542421,1.3219304504262832,0.6893354386301848,1.0434201227263122,1.095330503055256,3.8847893604285826,1.986414683967707,62.815619623099714,0.029065329499770965,0.02014408844619654,7.435521814606821e-08,3.7369785996766114e-05,9.992547877994874e-05,0.0026325028161111783,0.006060384420380494,0.08723758731542049,0.013138491800859686,0.0013012920677182448,0.0871467339816605,1.7390632301286546e-05,1.2164843053433319,0.018356293790492313,7.128688547888207,7.755462938519031e-13,2.4520660726405854,94.72587984257969,97.17794591522028,1.2165016959756332,98.39444761119591,0.4858897295761014,0.0024330033919512666,0.4883227329680527,0.4866006783902533,97.66454659361052,0.02025842308773815,0.02025842308773815,0.01696644091109782,0.008630836771781277
112.0,0.009050025038760323,0.004130279502768198,0.07986294527947778,0.008977709875798831,0.018205112410931996,0.5239057765538813,0.49772161268436427,7.445708299989562e-07,0.06345217597105732,0.09614065759737515,0.08783535759853907,1.5820616590242556,0.0,12.376639118723908,1.5373033997615984,1.4376079098696946,8.480545403355595,1.3178657704469074,0.686185041131686,1.0399641589407744,1.0853902611061899,3.8677701719759336,1.9758446109445096,62.91983043219092,0.02915071147491818,0.020139228061149553,7.774295179634502e-08,4.2920340262068754e-05,0.00011320050653739748,0.004650305408055183,0.007742264095804775,0.08306120235903526,0.013079455238339893,0.001236758655644906,0.08659859894289416,1.8154073972750952e-05,1.224710519391283,0.018227711480888833,7.1093389738085975,-3.71806752053061e-13,2.787368040912126,96.72494627844772,99.51231431935985,1.2247286734652558,100.7370429928251,0.49756157159679926,0.0024494573469305116,0.5000110289437297,0.4898914693861023,100.00220578874595,0.022035386018310465,0.022035386018310586,0.018454648380760986,0.009451372220104368
113.0,0.009622288764648509,0.004445895535666937,0.08702256098312024,0.00972583748759341,0.01964465561276571,0.8045856867215161,0.5593747400760274,7.833138340586402e-07,0.06503934458110389,0.09244803853254939,0.08744638029341595,1.5648751604170774,0.0,13.55755404095696,1.7087527504993478,1.562177430165592,8.486246872454462,1.3206626335363685,0.6858899501470154,1.0411753610192895,1.0770987647714834,3.865674655389196,1.9715372017462698,63.021288914011684,0.029232017273172702,0.020134524066535722,8.1425218650642e-08,4.648463351733779e-05,0.00012212211588732394,0.007139700737210306,0.008699468671804341,0.0793595745926466,0.013088463939902789,0.0011763488756816598,0.08627003141773429,1.8547968529127006e-05,1.22593799244864,0.01820850759595763,7.089241066553205,3.3870822813142354e-13,3.1243369534933536,98.29805857469768,101.42239552819103,1.225956540417169,102.6483520686082,0.5071119776409552,0.0024519130808343384,0.5095638907217895,0.4903826161668677,101.9127781443579,0.023282439083609892,0.023282439083609885,0.019499056035481667,0.009996264424304057
114.0,0.00998017497256308,0.004616117539665251,0.09151828122321327,0.010156258006345497,0.020503446848853465,1.128435853286606,0.5777529554570209,8.06860405373493e-07,0.06611059297258742,0.08915695985134084,0.08717989783821503,1.548316189298171,0.0,14.423990859125384,1.8160147791715235,1.6470965394995283,8.513728128408752,1.327470015335869,0.6874544165435862,1.0453274988704517,1.0695928456270762,3.8735574154857644,1.9711630169584229,63.106618123631485,0.029310509948440183,0.020129979783931055,8.497022255388314e-08,4.852943819044256e-05,0.00012743115359732177,0.010010794036779565,0.008983465042803902,0.07606558182971847,0.013091378021622371,0.0011244668258399602,0.08605543101237507,1.8744653374644487e-05,1.2270200918583274,0.01819158749987848,7.07073324424197,-9.89090753744648e-13,3.457390676465431,99.48201363865785,102.93940431512328,1.227038836511702,104.16644315163498,0.5146970215756165,0.002454077673023404,0.5171510992486399,0.4908155346046808,103.43021984972796,0.024109916791272553,0.024109916791272584,0.020192069088447645,0.010360677172807042
115.0,0.010211075857328635,0.004696171620491901,0.09425886135454282,0.010385713968632531,0.021001941620688403,1.483270020785892,0.5626096689088431,8.216675851839956e-07,0.06683107874252274,0.08618105217524116,0.08698277549761553,1.5328039473318928,0.0,15.060647562340518,1.881347636459889,1.7047340994813671,8.557872210340745,1.3367270839998977,0.69033178962245,1.0515126701317379,1.062768989037823,3.888763770785426,1.9737555751276536,63.18925706003482,0.029385774317146576,0.02012561998156203,8.848079731436218e-08,4.961330248796247e-05,0.00013049925365399547,0.013155185315765225,0.008746244237170448,0.07308327892231764,0.013097773252923522,0.0010779623414981997,0.08590481315611732,1.884141603170122e-05,1.2273782937065358,0.018185984548334026,7.053150972525954,7.418128611380581e-13,3.78606930185842,100.39771844736234,104.18378774922076,1.2273971351225677,105.41118488434333,0.5209189387461037,0.0024547942702451355,0.5233737330163488,0.49095885404902706,104.67474660326978,0.024682218726504883,0.024682218726504834,0.020671372286202555,0.010609707016347558
116.0,0.005496302270127473,0.002360620521116104,0.04889096481463375,0.005143255171422155,0.010485093397233197,0.8341486531993838,0.2141943945293248,6.003271930739342e-07,0.06059437841059803,0.09658617776786078,0.08824789869114631,1.5703443943469682,0.0,11.973446345916829,1.322254135591227,1.3472193301814819,8.70417233121987,1.3606425430233813,0.7058665318556537,1.0708231580241192,1.1021178284999622,3.978060681981599,2.021937038449513,63.26433795406496,0.029385774317146576,0.02012561998156203,6.590661638635599e-08,2.460968906422559e-05,6.524771860342952e-05,0.007410705798995363,0.0033341425788226222,0.08521107159595424,0.01137510617190654,0.0014620261397218076,0.0867858725514245,1.7980229894266513e-05,1.3660326449710964,0.01601956413395903,7.181070984255066,5.97164678817208e-13,2.751658656988001,96.8508778788086,99.6025365357966,1.3660506252009907,100.96858716099759,0.498012682678983,0.0027321012504019815,0.500744783929385,0.5464202500803963,100.148956785877,0.014570750983403234,0.014570750983403269,0.012203012273934766,0.006970818422474405
117.0,0.0043277617568622485,0.0016788350876540956,0.036609962037513266,0.0036537253855814973,0.007715623031680947,0.06581352664686031,0.14235022091901886,4.0892759309531254e-07,0.055758200382549826,0.10511597650957166,0.08911288697754943,1.6084795815877495,0.0,9.533846647637986,0.9486709156313305,1.086515265489158,8.782783440814745,1.3693650794303431,0.7137799432650198,1.0795484365398584,1.1378581427476002,4.025286528020093,2.0562960675307576,63.34060834890703,0.02938577433081856,0.02012561998077796,5.918042151225253e-08,1.7490999276306e-05,4.80348272068415e-05,0.0005849945609459447,0.00221667336977384,0.09386449251349331,0.011251483996078351,0.0016410629764829598,0.08747182400106647,1.4413184478834172e-05,1.3722735789484437,0.015922272480900054,7.227821945904122,9.050087068640522e-13,1.9263878457630637,94.07455881601393,96.000946661777,1.3722879921329225,97.37323465390992,0.480004733308885,0.002744575984265845,0.48274930929315085,0.548915196853169,96.54986185863017,0.010973021532679107,0.010973021532678748,0.009189911803307289,0.00527360611501683
118.0,0.009521655446079207,0.00422314707135015,0.0823971918693821,0.009238220306500565,0.018965017453253585,0.4909466413970181,0.5217483115673219,7.612730070927011e-07,0.06400406322531481,0.09672872481938273,0.0878273672836002,1.5782680060231868,0.0,12.25410075625248,1.4772650607321773,1.413423195349931,8.689732587668896,1.3509473141197859,0.7023321504941187,1.0657657942387948,1.1133522943537013,3.9613722651472827,2.0251480444211762,63.41695835344566,0.0294776168867434,0.020120352931737508,7.93312008838594e-08,4.416072735612464e-05,0.0001179133327823561,0.004357230831789056,0.008115270879117165,0.08333764314562318,0.013391081673759547,0.001212229617125645,0.08661513766647455,1.7873135076291823e-05,1.1994174154343398,0.018622933788896925,7.1005559714886095,-9.950443247142005e-13,2.779313015632414,97.47039781622401,100.24971083185642,1.1994352885694162,101.44914612042584,0.5012485541592822,0.0023988705771388324,0.503647424736421,0.4797741154277665,100.72948494728419,0.023564290305800723,0.02356429030580075,0.019735106595108708,0.009898410738132652
119.0,0.010387549156027612,0.004804633242950703,0.09461509264381973,0.01056682004062225,0.021388919615024874,0.9321491976148799,0.6416812687670667,8.212764134175233e-07,0.0668004912266625,0.09017948798474594,0.08697492030238528,1.5489894386547403,0.0,14.190525951433596,1.8005582253469787,1.6297037508615098,8.651003071389406,1.3462539980329498,0.6977392601807361,1.0612284192525798,1.0945476664895053,3.9355048590450408,2.0072275359755976,63.43737121371855,0.029554123420347956,0.02011530725383846,8.549118911288681e-08,5.0489324447969776e-05,0.00013292991331262437,0.008269133952874437,0.009977187007784152,0.07686876415314838,0.013310723831597565,0.0011150744520043224,0.08585984585038096,1.849138013441237e-05,1.209703652498036,0.01846217269446035,7.068078642193832,3.3679309341394514e-13,3.3313842322382077,99.85166395172644,103.18304818396464,1.2097221438781705,104.39277032784281,0.5159152409198232,0.002419444287756341,0.5183346852075795,0.4838888575512682,103.66693704151591,0.02544757348414379,0.0254475734841437,0.02131235733302819,0.010781175734903921
120.0,0.011076131656363399,0.0051712801974114425,0.10388781939046492,0.011470715012300061,0.023148748658950995,1.476855862394326,0.6805151075395367,8.627261962066926e-07,0.068654969264657,0.08436749523244873,0.08642127827793028,1.5208567391997825,0.0,15.651461102030504,2.0071647111175706,1.7807882303621594,8.653375550313054,1.3499611988844065,0.6966875041223974,1.0624861880223926,1.076449300222223,3.9284309063888756,1.9963328152573878,63.45640689326435,0.029627981398166744,0.02011047710874561,9.25810827886132e-08,5.4780262237655555e-05,0.00014380008682029813,0.013094252208513058,0.010576701334045055,0.07104498405797117,0.013322511174477553,0.0010241326640235574,0.08539714561390672,1.881085684332765e-05,1.211069430808074,0.018440812441071937,7.033477744201622,-3.6168290584726037e-13,3.901638236039989,101.65954439998532,105.56118263602531,1.2110882416649174,106.77227087769022,0.5278059131801266,0.0024221764833298348,0.5302280896634565,0.48443529666596696,106.04561793269127,0.026919197800955665,0.026919197800955728,0.02254484353920476,0.011417523437598906
121.0,0.011464658006426641,0.0053113137501102445,0.1090107861583367,0.011877168094162718,0.024025524206891136,2.0807604805128443,0.6367135117044467,8.857776536039445e-07,0.06975109761065953,0.07937843712629582,0.08599892723537149,1.494236713110292,0.0,16.682033719638643,2.1207887036443593,1.876816748790225,8.68274484880081,1.3579611544136259,0.697907950541301,1.0671757572687726,1.0588289263410653,3.9338080032817384,1.9899338140257328,63.42705033213752,0.029654401307110435,0.02010587328382306,9.95222905240381e-08,5.6693026994699195e-05,0.0001491786212537234,0.01843901255005049,0.009891998036354323,0.06606163115803655,0.013316805968259265,0.0009488325126459078,0.08505009472272558,1.8977986412648843e-05,1.2129196195259848,0.018411892796756462,7.002079637169906,6.928069229417133e-13,4.443152138931824,102.89504995888379,107.33820209781561,1.2129385975123974,108.551140695328,0.5366910104890781,0.002425877195024795,0.5391168876841028,0.48517543900495896,107.82337753682057,0.027740204909184597,0.02774020490918464,0.02323243746144781,0.011783720744982925
122.0,0.005983119678456714,0.0025989014638083886,0.05368549323571501,0.005682928750711742,0.011542911871340109,1.5419868292523888,0.20587389725890792,6.313217455061948e-07,0.061562526442735535,0.09023901725609214,0.08744248764724982,1.532299514825161,0.0,13.256202375349353,1.4835276774528512,1.474788585934405,8.860492587521401,1.3877557141975327,0.7164805555741587,1.0908593217627685,1.0976900706531632,4.037870186244596,2.0429151049167658,63.50317593556728,0.029654401307110435,0.02010587328382306,7.254626950399825e-08,2.7178933614475988e-05,7.179906022263528e-05,0.01369238763376497,0.003203406696199392,0.07867793586321366,0.01156108139287848,0.0013180934865835703,0.08612439416066625,1.8226235183894296e-05,1.351069016762124,0.016253355449393696,7.139384915073014,-9.617029395059262e-13,3.4212167541009713,98.95175811517427,102.37297486927524,1.351087242997308,103.72406211227255,0.5118648743463762,0.002702174485994616,0.5145670488323708,0.5404348971989232,102.91340976647416,0.015787286715755265,0.015787286715755335,0.013221861644875361,0.0074700891895143565
123.0,0.00469499631029334,0.0018316083700205999,0.040345012457883224,0.00404408289220239,0.008526510355294014,0.646824764810088,0.1769294212590842,5.575756845827099e-07,0.05970735935517416,0.09891487562677842,0.08832346355705684,1.5710696220979639,0.0,10.54909121564196,1.0577634596379755,1.1817258760000895,8.962790427161224,1.400178970636758,0.7261791159030143,1.1025241691455392,1.14151332299469,4.096085047866039,2.085890062445778,63.58071615011287,0.029654401307110435,0.02010587328382306,6.274612396657253e-08,1.9354728235854826e-05,5.307068015138292e-05,0.005747862550891068,0.0027545763612604117,0.08776115756610896,0.011153718060669462,0.0015357011419420182,0.08678776241511482,1.7383436411764527e-05,1.3841177212156388,0.01573702211723057,7.202413096809806,-8.415906860292921e-13,2.5139739354836883,95.88445781754594,98.39843175302963,1.3841351046520505,99.78256685768167,0.4919921587651481,0.002768270209304101,0.4947604289744522,0.5536540418608202,98.95208579489045,0.013308986529611908,0.013308986529611893,0.011146283822946275,0.006451471315671777
124.0,0.0037180691293518934,0.001335484674743534,0.030492553252228015,0.00291463324215061,0.006335585512368033,0.023350674200303713,0.08526496059233646,3.01787616652048e-07,0.05140768808824915,0.10693352717432786,0.08907028570261759,1.6102667025061452,0.0,8.409677537727806,0.7732237019504208,0.9678615938124918,9.006547043785641,1.4012241255295588,0.731084003776616,1.1061476668144523,1.1672515010301023,4.124775093823672,2.1084133296953924,63.65911031092923,0.029654401307110435,0.02010587328382306,5.967103543241209e-08,1.395234683256741e-05,3.944191261706848e-05,0.00020754869105546467,0.0013277060520447766,0.09540283755027242,0.011530689624055443,0.0016270384712924928,0.0874432472313251,1.116629164372618e-05,1.3438852734758393,0.016366042684712406,7.224236426062699,9.495598751740886e-13,1.8150866529854932,93.45531590887538,95.27040256186088,1.343896439767483,96.61429900162835,0.4763520128093044,0.002687792879534966,0.47903980568883936,0.5375585759069932,95.80796113776788,0.008718920801065896,0.008718920801065767,0.007302101152649004,0.00410360626069713
125.0,0.002967523990107912,0.0010098270825452,0.02469673856269743,0.0022082921735178404,0.004903062381247247,0.015182411159132903,0.056070768514598496,2.3976937522431613e-07,0.046595742807431756,0.10931608521637012,0.09004834645261767,1.6495459823549194,0.0,6.718454897545148,0.5827233947554474,0.8111943183873861,9.004792795511168,1.3948046495616029,0.732438408165542,1.1039784164978863,1.163275753093195,4.114848609174588,2.105526928406345,63.73766887062679,0.029654401307110435,0.02010587328382306,6.278414112111311e-08,1.0568719495466796e-05,3.051754981466758e-05,0.00013491468911998842,0.0008729519134729486,0.09698289278322411,0.012333192433146012,0.0015647605064824895,0.08848358594613517,9.358129182772522e-06,1.267886619212497,0.01755363466773152,7.202150042463066,3.2495187096692746e-13,1.8031805887955734,91.4697070417251,93.27288763052067,1.2678959773416796,94.54078360786235,0.46636443815260337,0.002535791954683359,0.4689002301072867,0.5071583909366718,93.78004602145734,0.007023752942170067,0.007023752942170067,0.005882397102250619,0.0031188206539640327
126.0,0.0023851847889241233,0.0007940049763644191,0.020764739217510667,0.001730328075432246,0.0038780029606683983,0.01059542377809986,0.04277561805898992,1.9374438356049033e-07,0.0444673363122185,0.11062573379491271,0.09100543347166835,1.688696990490215,0.0,5.381189566992023,0.45488406066625103,0.6959464924701696,8.967794031590174,1.3835235041417995,0.7312974293617704,1.09765106390298,1.155420786834567,4.090293377683305,2.094972936597323,63.81597088689737,0.029654401307110435,0.02010587328382306,6.26103555449333e-08,8.281323221413233e-06,2.4137670007716994e-05,9.415481150155686e-05,0.0006659696434639088,0.09817544399853326,0.012450289796379452,0.0015857046417408122,0.08941972882992755,7.98075167643027e-06,1.254975033169581,0.017755464285746286,7.203353829983224,-2.874471494163089e-13,1.8160878224028068,89.86894413713773,91.68503195954054,1.2549830139212574,92.9400149734618,0.4584251597977027,0.002509966027842515,0.46093512582554524,0.501993205568503,92.18702516510903,0.0056713402140287006,0.005671340214028709,0.004749750669700038,0.0024926513798116667
127.0,0.001929903981818216,0.0006501216386421972,0.01799815092079915,0.0014019721527068953,0.0031307029139216705,0.007696625915826795,0.03403551743210333,1.5853943558757562e-07,0.04308421601609938,0.11173582185049781,0.09198232506289547,1.7275937717552032,0.0,4.323528734742019,0.3688172174023728,0.6107552547711538,8.903640638320098,1.3691133754461102,0.7283714873301592,1.0883325102983206,1.1446837811020225,4.055268665981191,2.0786770254106814,63.89376444942732,0.029654401307110435,0.02010587328382306,6.191030068349286e-08,6.710155654543502e-06,1.948718336074456e-05,6.839864842873514e-05,0.0005299170952431176,0.0992855362144233,0.012450285636074504,0.0016205299271103894,0.09036179513578509,6.827720844255462e-06,1.2532392988196415,0.01778265719939103,7.208237086717759,8.267553308627384e-13,1.8375211412665564,88.56495314023145,90.402474281498,1.2532461265404857,91.65572040803849,0.45201237140749,0.0025064922530809715,0.454518863660571,0.5012984506161943,90.90377273211419,0.0046082491052346596,0.004608249105234659,0.0038594112586634037,0.002022603285993877
128.0,0.0015718373247725983,0.0005538267272821073,0.016021521463763205,0.001173416383033421,0.0025776543423708127,0.005772102820926813,0.02787662972760276,1.3136896490346712e-07,0.04211187911286391,0.11279496107119306,0.09299885401631985,1.766142515218408,0.0,3.4867490012631666,0.31058151516516075,0.5473688188113784,8.818705854360058,1.3527267814124362,0.7241677701666014,1.0768682726610233,1.131801910340152,4.012555917973122,2.0580904338414836,63.970861936353735,0.029654401307110435,0.02010587328382306,6.106497058937508e-08,5.6165784897729836e-06,1.60456032886933e-05,5.1299002429954314e-05,0.0004340471315801849,0.10037937930543063,0.012415581765762435,0.0016607150643452087,0.09133813895197465,5.864484357071051e-06,1.2550635378967143,0.017754213666092332,7.214207847733431,-5.489081411624852e-13,1.8638015144899887,87.49047821234832,89.35427972683831,1.2550694023810713,90.60934912921938,0.4467713986341916,0.0025101388047621426,0.4492815374389537,0.5020277609524285,89.85630748779074,0.003779600110071473,0.003779600110071483,0.0031654172517465353,0.0016613162829137334
129.0,0.001288909589864565,0.0004892100924501783,0.014591488934175098,0.0010121529052127497,0.0021629157724091176,0.004446737644620759,0.02339703975644682,1.1025368247641679e-07,0.041430769266462664,0.11384406164593258,0.09406108971720452,1.804273594682443,0.0,2.8244681649525356,0.2708768508353648,0.4997968656211121,8.71800852888108,1.3351292153412013,0.719052120310011,1.0638751063010008,1.1173366886146103,3.9642257312030607,2.0343207428375254,64.0471240952818,0.029654401307110435,0.02010587328382306,6.014034053593312e-08,4.845011077503777e-06,1.3464722404915048e-05,3.9522707684796884e-05,0.0003643179454569555,0.10148214179135635,0.012361919854576228,0.001705040050129568,0.09235604966707495,5.065209323798551e-06,1.2589256759454754,0.017693917713769897,7.220834117099187,-6.340344915756191e-13,1.8930929288977676,86.59421411017931,88.48730703907708,1.2589307411547992,89.74623778023188,0.4424365351953854,0.0025178614823095987,0.444954396677695,0.5035722964619197,88.990879335539,0.0031329112097542183,0.003132911209754217,0.0026238149282302105,0.0013813029327143665
130.0,0.0010645290695549278,0.00044575965325099724,0.013545258097146481,0.0008966808138367757,0.0018481770680347151,0.0035075332747741446,0.02007409129324404,9.37533703487824e-08,0.04097140724897708,0.11489677271823352,0.09516735601508615,1.8419357890410863,0.0,2.3000504297357574,0.24350295784533188,0.46369295411245787,8.605498791075107,1.3168281410448002,0.7132887473923376,1.0498056913467588,1.1017190279111653,3.9118406434383735,2.008216797545424,64.12244848399911,0.029654401307110435,0.02010587328382306,5.915667005281861e-08,4.292569550765283e-06,1.1506135605161953e-05,3.117735324421861e-05,0.00031259357320237836,0.10260277210819538,0.012294000610038144,0.001753250054973779,0.09341410596011238,4.4064053648786496e-06,1.2643295416452305,0.017609523487458627,7.227996280557296,-6.86624368473332e-13,1.924289319313276,85.83689266544661,87.76118198475989,1.2643339480505953,89.02551593281048,0.4388059099237994,0.0025286678961011907,0.4413345778199006,0.5057335792202381,88.26691556398012,0.0026267690218933866,0.0026267690218933835,0.002199920556700754,0.0011631157256728455
131.0,0.0008860622762819788,0.0004164790900023715,0.012771388158598183,0.0008126826296112993,0.0016067662260923824,0.0028265288898082237,0.017576692030410283,8.080159989311249e-08,0.04068425804640068,0.11595673934608126,0.09631202069240073,1.879091944902496,0.0,1.8845574244123395,0.22432909560435083,0.4359052148715117,8.484283447440141,1.2981591159425065,0.7070685832109435,1.0349941924131734,1.085281015635637,3.8565866882004842,1.980430977628973,64.19676079572191,0.029654401307110435,0.02010587328382306,5.812794509434583e-08,3.890744114160941e-06,1.0003869299429245e-05,2.5126072782921213e-05,0.0002737202422599614,0.10374235733191262,0.012214382014168648,0.0018051509627552975,0.09450686972964543,3.8665302651817065e-06,1.2709892840644994,0.017505498754351298,7.235615029700771,5.976712180721933e-13,1.9566728830513014,85.18835655108198,87.14502943413328,1.2709931505947645,88.41602258472804,0.4357251471706664,0.002541986301189529,0.4382671334718559,0.5083972602379058,87.65342669437118,0.0022293109750945997,0.002229310975094598,0.001867049215409952,0.0009923235521142894
132.0,0.0049746525264075594,0.002509996318818143,0.04238969886535118,0.005009024088363052,0.009790691823272421,0.07149034871887949,0.20570707848348954,4.4980664783108294e-07,0.05288670709852097,0.11228819883780412,0.09548852265508377,1.8603171722811451,0.0,4.819827200131254,0.7430833806855285,0.772106816166857,8.280510547409808,1.268930135920246,0.6905475454629841,1.0100474217735356,1.0619401157638124,3.76794508844512,1.9347447181745188,64.17357863592933,0.02967615112239768,0.02010279337865205,6.34687731452888e-08,2.397162728869906e-05,6.093629725886623e-05,0.0006352482195833955,0.0032024768655975516,0.09949728039398872,0.0127909184438154,0.0016417029378002807,0.0938468197172835,1.3943079993267293e-05,1.2358706095195637,0.018053598259757744,7.197439896540003,-5.005648673339635e-13,2.2550758200108953,88.523261605863,90.7783374258739,1.235884552599557,92.01422197847346,0.4538916871293695,0.002471769105199114,0.45636345623456864,0.49435382103982284,91.27269124691372,0.012996809209919889,0.012996809209919823,0.010884835139334454,0.005625362374554894
133.0,0.00614709223660309,0.003188377490161893,0.053613934441412936,0.006472079113991638,0.01252054089998547,0.12278572418014062,0.3118581129195694,5.453326354458719e-07,0.05596788676469242,0.10973816087862849,0.09502387635375227,1.841348140315771,0.0,7.049455645957442,1.0767921058512004,1.0075649436407363,8.144952318479783,1.2541872051570484,0.6806540296338062,0.9952850846061605,1.047015506464477,3.7139986059094054,1.9055353167555003,64.13870838897404,0.029694994853509245,0.020099799616719583,6.501372923454154e-08,3.096990205261558e-05,7.79186875543568e-05,0.0010909209095359685,0.004854621149960119,0.09696884274465772,0.012769318133970767,0.0015955434676570622,0.09342833288609521,1.5842116945684238e-05,1.2416125590879068,0.017963761607943024,7.186994921800361,-5.424757865135632e-13,2.4139024336949637,91.01414915142959,93.42805158512455,1.2416284012048524,94.6696799863294,0.46714025792562275,0.0024832568024097047,0.46962351472803243,0.4966513604819409,93.92470294560648,0.015308066428725649,0.015308066428725635,0.012820514380674426,0.006656519232626045
134.0,0.007077087886309661,0.0036302394404106337,0.06245083166177018,0.007514026257210874,0.014581009460431853,0.1949256590052953,0.42500709006737375,6.172973394443689e-07,0.05809709948749632,0.10717403060087698,0.0947593279022486,1.82251501245778,0.0,8.764283338808935,1.2932775038672657,1.1744786010287578,8.06137182604519,1.2486376659041882,0.6748009891202795,0.9873500509797354,1.0369969535074945,3.680605581565918,1.8874296660348902,64.10487993974081,0.029711965368048508,0.020096893490584026,6.706090812153234e-08,3.595047404467322e-05,9.072931742628302e-05,0.0017315988699532353,0.006615208008551758,0.09435734947391311,0.012816681126963866,0.001543320713944845,0.09321600718830375,1.7092501948224208e-05,1.2402114229146244,0.017985576211588264,7.173530569763447,2.484089323129268e-13,2.595798673021418,92.91411211660346,95.50991078962488,1.2402285154165726,96.75013930504146,0.47754955394812443,0.002480457030833145,0.4800300109789576,0.49609140616662906,96.00600219579151,0.017077478840966175,0.017077478840966318,0.014302398286920584,0.007417545843159912
135.0,0.007786707564954977,0.003901506020575757,0.0690245011604592,0.008217654055991345,0.0160626064751236,0.28880185692662846,0.5320954949688845,6.692131377378067e-07,0.05967035696817298,0.10457016267540188,0.09456782330614445,1.803986462568192,0.0,10.081720149796883,1.4320325805791208,1.2924111230748145,8.016634262401947,1.2487676251409998,0.6717687976920091,0.9841203719359841,1.0302702966916644,3.662209789912922,1.877218955835716,64.06667091165082,0.02972001256836873,0.02009407191300334,6.920115400056242e-08,3.9310879664163764e-05,9.993438297044753e-05,0.002565122539832514,0.008281016184590078,0.09171483003882104,0.01285533263658084,0.001493318740405915,0.09307450456573854,1.789809451465271e-05,1.2388714598099246,0.018006462785563348,7.159886663174781,9.475614737297633e-13,2.7895478159221208,94.36382486471288,97.153372680635,1.2388893579044393,98.39226203853944,0.48576686340317504,0.0024777787158088787,0.48824464211898394,0.49555574316177575,97.64892842379678,0.01839775389826123,0.018397753898261173,0.01540812940177461,0.007982369171727365
136.0,0.008321232782146843,0.004070111105153439,0.07385408525682619,0.008697031015115167,0.017128070623652576,0.4064928740267706,0.6239092560652857,7.066481352997504e-07,0.06089813300275312,0.10199200185475624,0.09438614677367878,1.7858351007673459,0.0,11.09597705786702,1.5226030914774158,1.3764604381524572,8.000684609903137,1.2524061880837964,0.6706872875596277,0.9841385337921209,1.0256832090338759,3.6549840933740967,1.8725654237151883,64.02930957467376,0.02972775158421221,0.02009132985637757,7.137276758334875e-08,4.15975688891693e-05,0.00010654800870716995,0.003609856255713545,0.00970870774333482,0.08910984346831445,0.012882158386441786,0.0014457955734325197,0.09294035120024625,1.8411282213342458e-05,1.2381087427514654,0.01801834816537085,7.146467462513455,3.9702616194681184e-13,2.989206601293185,95.48549950763248,98.47470610892567,1.2381271540336787,99.71283326295935,0.4923735305446284,0.0024762543080673574,0.49484978485269576,0.4952508616134715,98.96995697053914,0.019417416251466212,0.01941741625146627,0.01626209720519148,0.008419590843098537
137.0,0.004364725969347917,0.0020622169344317928,0.038718915365628444,0.004283226774584547,0.008405866323051799,0.036002835993265696,0.1771936577316733,3.697810152523537e-07,0.054000647575355255,0.11174296049736461,0.09581396395299839,1.8210144113871884,0.0,8.834873785436843,1.0780160793490818,1.100335979472326,8.075280631370566,1.268527981107129,0.6810153855025046,0.9956204719685173,1.0458779343034705,3.7145555600143587,1.898328686135804,64.09966819591347,0.02972775158421221,0.02009132985637757,5.565136347235864e-08,2.0509749621665285e-05,5.234420277689853e-05,0.0003201025517829545,0.0027598128724466244,0.10042312871241099,0.011319831784953618,0.0018741697094018554,0.09393979424359654,1.3039634558959e-05,1.3646828181911883,0.01604096396460352,7.254524190875228,-8.582301536108616e-13,2.1460468738355427,92.79210069057407,94.93814756440962,1.3646958578257473,96.30284342223537,0.4746907378220481,0.0027293917156514945,0.47742012953769963,0.5458783431302989,95.48402590753992,0.009952349372418654,0.009952349372418672,0.00833509828590492,0.004756616007641372
138.0,0.003465182061236181,0.0014853050164877323,0.030052481987228354,0.0031105405603524183,0.006308278994318978,0.021072080680151668,0.09072057514040094,2.875317020186478e-07,0.048161319563997766,0.11540470206256404,0.09715428858765379,1.8564413222271088,0.0,7.047741563533329,0.7805691851191584,0.898430012698931,8.100877206116198,1.27261079185859,0.6854310501839597,0.9989949278109737,1.046052137158732,3.722974230251607,1.903078109099065,64.1705220175933,0.02972775158421221,0.02009132985637757,5.7822111658714215e-08,1.4892141104749156e-05,3.927669616364731e-05,0.00018732193556512332,0.0014128081284866592,0.1033057224858313,0.01209897957673274,0.0018303872396673287,0.09532390134798646,1.0974842028145657e-05,1.2901670073777276,0.01720540255809695,7.237906051977344,-6.575712196976724e-13,2.0608173737629847,90.62728123142385,92.68809860518684,1.2901779822197557,93.9782765874066,0.4634404930259342,0.002580355964439511,0.4660208489903737,0.5160711928879023,93.20416979807474,0.007615009697032658,0.007615009697032658,0.006377574972276218,0.0034407819284908363
139.0,0.0071096524509251914,0.003215574048508365,0.05851292047914115,0.006846096144290676,0.013825058796483493,0.17889353475080214,0.39261834701297543,6.063890422497394e-07,0.056734478519091004,0.10966261627692528,0.09636954813424337,1.8371364256590406,0.0,8.761359883753885,1.0983903392140324,1.0959350160522685,8.019082960265381,1.2584788890733922,0.676628278006778,0.9877921880343352,1.0320921728356423,3.6725942670218807,1.880985551203096,64.13069569042408,0.02973550925666677,0.020088672370606547,6.665657186168269e-08,3.275575143417416e-05,8.602775501548719e-05,0.0015892279022240998,0.006111220950996091,0.09661799668082319,0.013044619596102092,0.0015789107738886311,0.09479063736035473,1.6943295625802216e-05,1.2190822774562118,0.018315728434770768,7.1761570258065825,-3.875511023210265e-13,2.5548926942503,92.61403523588477,95.16892793013507,1.2190992207518376,96.38802715088691,0.47584463965067536,0.002438198441503675,0.47828283809217903,0.487639688300735,95.6565676184358,0.016725402285650906,0.0167254022856509,0.014007533970676856,0.007140857165068698
140.0,0.007979719956276818,0.0037323857654664584,0.06778539623588394,0.008000810549385494,0.015980059571839556,0.30168927943735535,0.5545316446504619,6.75212962172058e-07,0.059302781777983676,0.10555938748409073,0.09581482563939402,1.818131051798414,0.0,10.19855641578431,1.329504230762799,1.2508099091783749,7.982466843009954,1.2544264358678123,0.6727068628845546,0.983650411135321,1.0252603993955842,3.6521416505361946,1.8709800431920334,64.17189374812617,0.02979845044323461,0.02008609254031947,6.928674260266719e-08,3.8273326936524054e-05,9.942025326456087e-05,0.0026795706260992562,0.008630148236407332,0.09256836974675108,0.012991017737339655,0.0015111706156385426,0.09430365502375547,1.797825130272939e-05,1.2269457262970376,0.018192797361903348,7.159349855796633,-4.04867112058227e-13,2.8371338049560295,94.3923969498731,97.22953075482913,1.2269637045483404,98.45649445937747,0.48614765377414565,0.002453927409096681,0.4886015811832423,0.4907854818193362,97.72031623664846,0.01855533768733427,0.018555337687334403,0.01554010591516258,0.007973242458688504
141.0,0.008555647235276383,0.004025650555661759,0.07400474659089488,0.008703747391740114,0.017348690398938695,0.4475883163534178,0.6768303075560016,7.177400940532324e-07,0.06091826892107198,0.10207024619887231,0.09542388666409919,1.79948541686058,0.0,11.306248713781887,1.4805765306114358,1.3614046565874132,7.976609331920444,1.2564281504793353,0.671382623523812,0.9837921326619122,1.020986104271625,3.646155019386152,1.8674553684946629,64.21148789811173,0.029859940942656874,0.020083583335845426,7.191276381037937e-08,4.162807298028438e-05,0.00010791657857897053,0.0039746420198843516,0.010531891034915137,0.08909306688590499,0.012977179312967324,0.0014508825232689027,0.09397300414083029,1.8539739283638806e-05,1.2301333371659011,0.018142955849078848,7.143194019763846,-2.996908277097532e-13,3.0974615096036775,95.7825265298304,98.87998803943408,1.2301518769051847,100.11013991633926,0.49439994019717043,0.002460303753810369,0.4968602439509808,0.49206075076207384,99.37204879019616,0.01974867731603313,0.019748677316033414,0.01653952853604012,0.008508068112332757
142.0,0.00887209025944897,0.00414697844402608,0.07737568856975756,0.009032862094484865,0.018037081652681534,0.6017006784865301,0.7480890440129964,7.412281451477285e-07,0.06200512575175889,0.09930303050924952,0.09509804073602393,1.7814695590960843,0.0,12.079958880379285,1.5651921469546308,1.4313426001563776,7.989950614659504,1.26154577010795,0.6716305884602963,0.9864000044554864,1.0182732844547324,3.649662549078609,1.8678787623683715,64.20799183530708,0.02989490993671098,0.020081150898471005,7.394297382316287e-08,4.319583470556144e-05,0.00011218370211076392,0.005342361388962929,0.01163936611144314,0.0863676701123855,0.01293536039686402,0.001406815435577787,0.09369122530044614,1.8822277210453086e-05,1.2349872389599297,0.018067095974926062,7.131103087046405,3.976957652085389e-13,3.310729849595914,96.72982703638233,100.04055688597825,1.23500606123714,101.27556294721539,0.5002027844298913,0.00247001212247428,0.5026727965523656,0.494002424494856,100.5345593104731,0.020435666924188647,0.020435666924188602,0.017114882725397428,0.008838774250292
143.0,0.009150107820188965,0.00423354652946032,0.08012011452748528,0.009283733462483868,0.018599781180054085,0.7771246386743215,0.789353172950428,7.59869351743404e-07,0.06284840939577693,0.0968725626018639,0.09479309340960361,1.7640166833493889,0.0,12.67932229771466,1.6208516219689126,1.4818430960610256,8.018423091882916,1.26856618618359,0.6729236029138566,0.990726715528473,1.0163707331349834,3.6598574033570648,1.8710383420937422,64.2052572157103,0.02992795577757198,0.020078787579553708,7.606768160269877e-08,4.438872472628085e-05,0.00011566731827069179,0.0068988045086748025,0.012279891317175813,0.08393961368020486,0.01293294892165904,0.0013636988477500984,0.09342939456185351,1.8996255161905316e-05,1.2362211722952696,0.018047804892939324,7.118799820007611,-6.384025252881287e-13,3.5147309477589395,97.48518030654952,100.99991125430846,1.2362401685504316,102.2361514228589,0.5049995562715422,0.0024724803371008633,0.5074720366086432,0.49449606742017266,101.49440732172863,0.021067524898965073,0.021067524898964983,0.017644064140299263,0.009121167881385572
144.0,0.004955692291039879,0.002157980924578107,0.04278265176123771,0.004657379643021746,0.009388737836407526,0.16339664328983508,0.32382593357639544,5.069022626335726e-07,0.058956029326969965,0.10835299979827102,0.09595957463038915,1.7993471338546476,0.0,10.086895654600244,1.1440928873702205,1.1780296884921957,8.125650915180715,1.2869437538414827,0.6849251231329516,1.0053059957334263,1.0498382668219748,3.7386887647821267,1.9094975460765393,64.27591811672085,0.02992795577757198,0.020078787579553708,5.575738475562961e-08,2.2301167948751794e-05,5.8464237761616745e-05,0.0014527539885203478,0.0050435978151652655,0.09735779004285539,0.010995209755415639,0.0018735185083742323,0.09408605612201491,1.6486279167365454e-05,1.3974054584954438,0.015529457294561358,7.253697604580688,8.196186784825699e-13,2.4094686894063955,94.48578671275273,96.89525540215912,1.3974219447746112,98.29267734693373,0.4844762770107956,0.0027948438895492225,0.4872711209003448,0.5589687779098444,97.45422418006896,0.012450874493860061,0.012450874493860037,0.010427614502701998,0.0060934471236088845
145.0,0.003917008767055311,0.0015468147959557502,0.03215063333674008,0.003328140761949458,0.006942755703277166,0.02618710715067549,0.11216321743436534,3.2040578233440844e-07,0.0500883748218929,0.1149186538107102,0.09708238846713563,1.8350915166916943,0.0,8.038123687465431,0.8253650914843507,0.956241279369923,8.176323746520094,1.2923993480430633,0.6905551224226855,1.0109364037895434,1.0574162591428595,3.765275854888043,1.9222165764166828,64.34740688239495,0.02992795577757198,0.020078787579553708,5.693909642153003e-08,1.5934947110357464e-05,4.322959647653481e-05,0.0002328078960071532,0.001746826789088919,0.10303559440981121,0.011883059400898996,0.0018568548780308477,0.09522553358910478,1.1804951811978493e-05,1.3113758105464306,0.016873963126725164,7.244589429044651,9.594929017975318e-13,2.071415889869388,92.08226025193763,94.15367614180701,1.3113876154982427,95.46506375730526,0.47076838070903504,0.0026227752309964853,0.4733911559400315,0.524555046199297,94.67823118800631,0.008547747706108841,0.00854774770610899,0.0071587435878190196,0.003925722704153682
146.0,0.007474534624108735,0.003270269269383469,0.06075675334424137,0.007057600800227877,0.01440745978627557,0.21003583439034426,0.43083213087429467,6.302242365970584e-07,0.05764286182469698,0.10896168898851243,0.09623259738451422,1.816744258046041,0.0,9.57346445148319,1.140670183160073,1.1449024726510895,8.1132559333075,1.2790458676455903,0.6825490466688693,1.00131566727408,1.044440207214919,3.7198986097431583,1.903202908607042,64.3409749919751,0.029961675401504757,0.02007649248994479,6.74525879293085e-08,3.376577634501368e-05,8.964710699011236e-05,0.001865773157701316,0.006705723835770774,0.09586426783484298,0.01309742115366945,0.0015583618551996965,0.09467423552931452,1.7199601255945665e-05,1.215775558188627,0.01836737990422493,7.1710013832514194,-7.378889166353986e-13,2.6082223331838503,93.94372033973062,96.55194267291446,1.2157927577898828,97.76773543070435,0.48275971336457235,0.0024315855155797655,0.4851912988801521,0.4863171031159531,97.03825977603042,0.01759812507785456,0.017598125077854566,0.014738439807797718,0.0074930833637115325
147.0,0.008148967249006928,0.0037188140416071903,0.06866230237084357,0.008043053509216079,0.016188890962846585,0.33525214847306833,0.5798001963302497,6.860579266926221e-07,0.0600027389537229,0.10492640175175308,0.09562146020812747,1.798789593846116,0.0,10.793461414812102,1.355915656117009,1.2843217713852744,8.087110701046843,1.275008017366174,0.6790661381017009,0.9979466349183362,1.0384259217966092,3.7029578536303394,1.8950467658268209,64.37037815611409,0.030023889286488446,0.020074267524150795,6.977681584289447e-08,3.8474044679604476e-05,0.00010071625563622976,0.0029775621813408503,0.009023147992510193,0.09193325875141188,0.012993143000341198,0.0014976946051381574,0.09412376560298931,1.801494842952552e-05,1.227635403068492,0.018182018868778627,7.156288852792929,-5.92376842023512e-13,2.8786073917946045,95.47963903111528,98.35824642290989,1.2276534180169214,99.58589984092681,0.49179123211454945,0.002455306836033843,0.4942465389505833,0.4910613672067686,98.84930779011665,0.019096986595193585,0.019096986595193564,0.015993737184978214,0.008210602056213634
148.0,0.008538469214752258,0.003933428555040405,0.07327092632228441,0.008551377518996338,0.017154929394017013,0.46284366731526844,0.6711114056590878,7.168778897352109e-07,0.061353394905551466,0.10192774553309973,0.0951631749344895,1.7812416852040402,0.0,11.665254696379705,1.4823153404522331,1.3754450704639098,8.083549430577994,1.275937382179686,0.6776885987330922,0.9979223472566006,1.0346382627652175,3.6980532484497535,1.8919758493862702,64.35408177752912,0.03005273316030559,0.020072105748054105,7.175915994057166e-08,4.089977478832852e-05,0.00010671237670880722,0.004110159137371007,0.01044299336985626,0.08899285125015004,0.012934894282949694,0.0014499685107918856,0.09371320642369761,1.843211645080677e-05,1.2342220542336269,0.01807907637132191,7.144122654068057,-9.715596382964264e-13,3.088000000966928,96.53686200417357,99.6248620051405,1.2342404863500778,100.85910249149057,0.4981243100257025,0.0024684809727001556,0.5005927909984027,0.4936961945400311,100.11855819968054,0.019937144610196075,0.019937144610195974,0.01669737000258638,0.008617812039260608
149.0,0.008782560540913021,0.00404294567525471,0.07609676930227616,0.008831238238734983,0.017716285799174752,0.5962008879514797,0.7216345336490314,7.360050454151046e-07,0.06225541166234469,0.09957834033855027,0.09477180053755306,1.7641225777817326,0.0,12.272213786315113,1.5547506423348896,1.4334848998799927,8.094327722098564,1.279486844040596,0.6775478936433008,0.9998298583867811,1.0320721997629436,3.7005630783112755,1.891932606556237,64.30304141010244,0.030064243299481253,0.02007000349230514,7.346191873396087e-08,4.223311802178463e-05,0.00011019196063900621,0.005293722118456343,0.011228075232726325,0.08668057510155122,0.01289776523699905,0.0014110333018093496,0.09336076723574371,1.86620726274818e-05,1.2384476713545134,0.018013036731547062,7.1339377326108036,8.38228791932849e-13,3.2596839466059873,97.23925094143213,100.49893488803812,1.2384663334271409,101.73740122146526,0.5024946744401906,0.0024769326668542817,0.5049716071070449,0.4953865333708563,100.99432142140898,0.020497371541589746,0.020497371541589662,0.01716656037772717,0.008890303561800948
150.0,0.008993261516458339,0.0041180289434442,0.07834356489062354,0.009037561012859685,0.018161883093533445,0.7429671566289159,0.7472881933997333,7.511066602654985e-07,0.06294698716606874,0.09755704844455447,0.09441121169894612,1.7475375901963635,0.0,12.739042727155022,1.6021582618818189,1.4750733120125115,8.11682301044495,1.284699984069591,0.6782873802189558,1.0031346245441397,1.0302793433403554,3.708537471939549,1.8941372927393638,64.25348649939703,0.030075543416093087,0.02006796167276634,7.516989679204399e-08,4.3214484736266504e-05,0.00011295080750872531,0.006596023350974989,0.011626088490875434,0.0846661243719979,0.01289092407255657,0.0013741905627594204,0.0930370211361867,1.8810560165872703e-05,1.239863330144827,0.017990907782477365,7.123956046038015,2.9309887850104133e-13,3.419394977954661,97.78565990774328,101.20505488569795,1.239882140704993,102.44493702640294,0.5060252744284898,0.0024797642814099858,0.5085050387098997,0.49595285628199715,101.70100774197995,0.02099779537622917,0.02099779537622914,0.01758566562516643,0.009117762404134068
151.0,0.00491945768679125,0.002110170317930619,0.04214187216443956,0.004561208791181019,0.009243984941437312,0.13292807562914893,0.2967288703888383,4.907505972308887e-07,0.05855830479094185,0.10885943888999038,0.09555030885273512,1.7833001247919231,0.0,10.134878711383386,1.1322814281137976,1.1741783995684791,8.223329708893425,1.302276478093553,0.6900241035993322,1.0173654026658727,1.0634004368458605,3.78561290915674,1.9321411114706424,64.3250115685882,0.030075543416093087,0.02006796167276634,5.577450398130333e-08,2.184064118763493e-05,5.756278787109471e-05,0.0011818574631951534,0.0046215557731363365,0.09780979043117205,0.011049648458818326,0.0018649665648570607,0.09368534228787806,1.6092536576612045e-05,1.392351920810703,0.015608443429797447,7.253564283332619,-7.670704349482804e-13,2.334492560253229,94.78050025837928,97.1149928186325,1.3923680133472796,98.50736083197978,0.48557496409316253,0.0027847360266945592,0.4883597001198571,0.5569472053389118,97.67194002397142,0.012334112463589684,0.012334112463589685,0.010329826235635902,0.006014474368659297
152.0,0.003889412746592371,0.0015158053530905829,0.031804670624052345,0.003269395140620701,0.006854342097094237,0.025735779471058467,0.10731927058909592,3.1759441194705466e-07,0.04982294539868146,0.11486520762430705,0.0966763109113216,1.8194625082661873,0.0,8.07680212639429,0.8181404147531142,0.9544938518796874,8.273066942332434,1.3071302944079133,0.6954877153992678,1.0227207409923142,1.0696011277296695,3.8094860028125646,1.943792442430296,64.39733633553668,0.030075543416093087,0.02006796167276634,5.745014719354695e-08,1.5653099310311508e-05,4.2677646831406015e-05,0.00022878668388062637,0.0016713383073185724,0.1028921813265285,0.01197302629777855,0.0018329512025082118,0.09484335970881339,1.169305364806969e-05,1.303204466386579,0.017001647372857403,7.240708854264411,-6.99565405604119e-13,2.049674447280885,92.36805799466822,94.4177324419491,1.303216159440227,95.72094860138932,0.4720886622097455,0.002606432318880454,0.47469509452862596,0.5212864637760908,94.93901890572519,0.008569486824492531,0.00856948682449253,0.007176950111886374,0.003911182951654391
153.0,0.00309984057277399,0.001127485943878972,0.025543836196680058,0.0024437164743749125,0.005256719178617019,0.016666941125904885,0.07226745303757026,2.5207889873331024e-07,0.046389166848930685,0.11690188546123365,0.09771315835933782,1.8557141570249525,0.0,6.4498996143478085,0.6078269947138867,0.7935827888277333,8.278851337704232,1.3036676124278286,0.6973014011005233,1.0220997261618412,1.0670020266247893,3.804406084794662,1.9430521950051407,64.46983963305422,0.030075543416093087,0.02006796167276634,5.8204686894167575e-08,1.1699306108301678e-05,3.272863540482872e-05,0.0001481578165161213,0.0011254095854077765,0.10457340318129693,0.012328482279936714,0.0018290426351549325,0.09588411572418289,9.911970352927533e-06,1.2679857121682696,0.017552051725224428,7.235042042664223,-9.333610273554171e-13,2.028509568482582,90.43752941476266,92.46603898324524,1.2679956241386225,93.73403460738386,0.46233019491622623,0.002535991248277245,0.4648661861645035,0.507198249655449,92.97323723290069,0.006839545585497814,0.006839545585497812,0.005728123335786485,0.0030372627542446374
154.0,0.0024883046331560556,0.0008709084347917204,0.021255518641197922,0.0018878421789173846,0.004122742092182119,0.011482010535615926,0.05386869340868237,2.0288174821858346e-07,0.04440438629028295,0.11824824205372649,0.09867906607464813,1.8918799289141457,0.0,5.16355850079765,0.4667843310714037,0.6753317023381192,8.250569605812538,1.2947665105943793,0.6965413266300937,1.0172021552941053,1.0605728470576625,3.784680781204632,1.9347318907067623,64.5421711768326,0.030075543416093087,0.02006796167276634,5.782032017175107e-08,9.038305464891865e-06,2.5669078326236042e-05,0.00010207025881190884,0.0008389071125339502,0.1058514907897543,0.012396751263972189,0.0018591705714271658,0.09681989550322097,8.422509167194611e-06,1.2595665212685587,0.0176836946743566,7.23791950781514,-6.012516873266094e-13,2.0322605380107204,88.88691082833994,90.91917136635065,1.259574943777726,92.17874631012837,0.4545958568317533,0.002519149887555452,0.45711500671930877,0.5038299775110904,91.42300134386174,0.005490958894836053,0.005490958894836063,0.004598681211811171,0.002422200321652585
155.0,0.006036181764514447,0.0026816399054052985,0.04833145437201301,0.005636177146126195,0.011447261598060133,0.10870543098158522,0.2932020169823024,5.239281031030828e-07,0.05450924810766874,0.11337394529034399,0.09771581116826578,1.8747393801719379,0.0,7.126484668665773,0.8687576585899188,0.9186209306750243,8.125006681569879,1.2720691078564406,0.684351402519261,1.000037821172858,1.0440089250587907,3.7200512166554396,1.904170226631094,64.49295927112969,0.030085640933030684,0.020066079311541907,6.362853699508985e-08,2.6972675504354498e-05,7.124587474823928e-05,0.0009659219719624761,0.0045645686203305115,0.1004305505204414,0.012943394769902583,0.0016758500507964942,0.09603996111746928,1.5495357436939852e-05,1.2248533263012578,0.018225646292703745,7.196348062340768,3.0361477221241273e-13,2.4052893149577166,91.15651791052417,93.56180722548189,1.2248688216586947,94.78667604714057,0.46780903612740943,0.0024497376433173894,0.47025877377072683,0.48994752866347785,94.05175475414536,0.014690684500658212,0.014690684500658212,0.01230345666316256,0.006301832765061223
156.0,0.006927640919334309,0.003248592575017331,0.057683320626917015,0.00685488797146905,0.013665211445187132,0.17286488866850833,0.4182760844083885,5.978829066753841e-07,0.05712162015598943,0.1102104804319194,0.0970814754522359,1.8576759638435443,0.0,8.68966917957629,1.1385149224919258,1.097079399555457,8.048379915076161,1.2611852771774081,0.6774937216013724,0.9907666228356666,1.0346151953322844,3.685159892915941,1.8864498168287263,64.47396100494625,0.03010920804252177,0.020064250333921316,6.528987366079609e-08,3.280104868442784e-05,8.504073477487895e-05,0.0015358299341708972,0.00651110134973519,0.09733809364568423,0.012872386786235174,0.0016233133460959728,0.09545816210613993,1.6820619986564845e-05,1.2342629655300827,0.018078537850844,7.185154171776486,5.277618619903279e-13,2.594318808497262,92.98327494833748,95.57759375683474,1.2342797861500694,96.81187354298481,0.4778879687841737,0.0024685595723001386,0.48035652835647386,0.4937119144600277,96.07130567129477,0.016504007706443218,0.016504007706443218,0.013822115884091525,0.0071340783044666995
157.0,0.007566682627375413,0.00359635224055886,0.06441833100510806,0.007652962108705675,0.015184083784531175,0.24987018915101705,0.5295927836794018,6.484883164771257e-07,0.0587980995300359,0.10743551091319141,0.09666434227519385,1.8409873186644576,0.0,9.886173146842554,1.3125810461867222,1.2230913480562693,8.007464177457031,1.2577067595550266,0.6737305592479722,0.9865768469269285,1.0287249630207025,3.665992247766632,1.8766402645598521,64.45587661695424,0.030130935881392075,0.020062477014542862,6.718160564779825e-08,3.661488691107613e-05,9.448115536343671e-05,0.0022196718377613853,0.008243020568603657,0.09456720572386994,0.012868305189321472,0.0015715647261418213,0.09509277754905203,1.763735618404127e-05,1.2366927914873138,0.018040520774250918,7.172749620684209,-6.312277089914886e-13,2.777667451279508,94.37455797657394,97.15222542785345,1.2367104288434978,98.38893585669695,0.4857611271392673,0.0024734208576869957,0.48823454799695426,0.49468417153739913,97.64690959939085,0.01777330824733832,0.01777330824733877,0.014885155812335701,0.007697875068426492
158.0,0.0038977019331708105,0.0017917045545643166,0.03389967415835504,0.0037194178569552663,0.007358273975493142,0.027017284125499287,0.13094999343528066,3.2603590728007896e-07,0.05121190532308519,0.11539633551083574,0.09802775816125502,1.876162706419594,0.0,7.87842572467993,0.9373036371359627,0.9878275399512714,8.056620532766773,1.2682208909553587,0.6814193270218091,0.9942921047592751,1.0401199971486474,3.7076423128206812,1.8927037700542744,64.52622739246452,0.030130935881392075,0.020062477014542862,5.5075265651040975e-08,1.7810754378192513e-05,4.582247413131959e-05,0.00024022213038065574,0.002039629549856042,0.10381527632487328,0.011581059185962458,0.0019371334269873042,0.09609062473426772,1.1970892359439235e-05,1.338978818767293,0.0164426557519893,7.259043399388217,9.057685157465301e-13,2.136008987817905,91.9708032297585,94.1068122175764,1.3389907896596525,95.44580300723605,0.47053406108788204,0.002677981579319305,0.47321204266720135,0.535596315863861,94.64240853344026,0.008620074741359552,0.008620074741359554,0.00721931752116708,0.0040422716386019145
159.0,0.0031061175563846287,0.0013087535201438461,0.026920352997436777,0.002739364065317303,0.005583404269563679,0.017256568818789033,0.08014167182305766,2.5764654967806434e-07,0.046905455763310615,0.1181615725983774,0.09930198046271553,1.9114652398479093,0.0,6.291377162100686,0.6860936060393975,0.8155843341807113,8.062600821937501,1.2686228769717454,0.6840327233995938,0.9950127313273484,1.0379748968362867,3.70580609708642,1.8928730881093352,64.59683245932116,0.030130935881392075,0.020062477014542862,5.659225971939816e-08,1.3116246257547782e-05,3.476628507067781e-05,0.00015341789013203846,0.0012481489693336875,0.10600995480373278,0.012151617794644617,0.0019107244034645876,0.09739125605925095,1.0149979601926671e-05,1.284064282190345,0.01730080919305144,7.247242964412935,-4.381078833048946e-13,2.0954271863084624,90.03681079731018,92.13223798361864,1.2840744321699469,93.41631241578858,0.4606611899180932,0.0025681488643398936,0.46322933878243305,0.5136297728679787,92.64586775648661,0.006798603452536384,0.006798603452536383,0.005693834276038055,0.0030573645967888322
160.0,0.00498743320797726,0.002214687614511342,0.040578789092421484,0.00462510809739409,0.009341675069849141,0.05991452761363219,0.20472424949279286,4.325387659384383e-07,0.05179697730473549,0.11640789619477687,0.09924640806206586,1.9143428265100864,0.0,6.853108339087978,0.820361368822946,0.89053694536993,7.996853163558954,1.256845134895831,0.6783601806157064,0.9860704485501222,1.0286660478288698,3.6701789061507575,1.8766892461276323,64.6109684012928,0.030144858580354022,0.020061432556120112,6.031405066370168e-08,2.2139361634642258e-05,5.8153731802813535e-05,0.000532514730743682,0.0031877526289007477,0.10373504299779043,0.012672853196986439,0.0017939462925404958,0.09745246176952536,1.4032189945709102e-05,1.2446270638890835,0.017916773090862155,7.219581503533367,-9.046270676993373e-13,2.292526706542166,90.66863818230152,92.96116488884368,1.2446410960790293,94.20580598492272,0.4648058244442184,0.0024892821921580588,0.46729510663637647,0.49785643843161176,93.4590213272753,0.011819218761156443,0.011819218761156438,0.009898602465651666,0.005151915929395242
161.0,0.0027327013987523494,0.0011711228540749927,0.024348575478052043,0.00242792135504768,0.00491778563589642,0.013907564269765763,0.06903445092844761,2.280421413627356e-07,0.045911586690306525,0.11943076695836391,0.1004431014094054,1.9493168802491132,0.0,5.480720033829657,0.6072927659333794,0.7434479417065695,7.982767723824499,1.2544510892564333,0.6801081456062328,0.9846680102849473,1.02589821482854,3.666276278926204,1.8736728619789753,64.68092622846997,0.030144834272417206,0.02006143230992425,5.570264699879584e-08,1.162578529151288e-05,3.062345862328258e-05,0.00012365219136431925,0.0010752168464031693,0.10732212311662513,0.012108643841738778,0.0019629444861190273,0.09848015692328638,9.293411273076177e-06,1.2866496199122848,0.01726046682666669,7.254124166591869,-5.942642211653748e-13,2.113768816901598,88.98022929464541,91.09399811154701,1.2866589133235578,92.38065702487057,0.45546999055773507,0.0025733178266471157,0.4580433083843822,0.5146635653294231,91.60866167687644,0.005951626086890742,0.005951626086890742,0.004984490248369785,0.0026818636311065087
162.0,0.004062389652216368,0.0018144590021987115,0.03358251787811262,0.00374128886958046,0.007525216414634436,0.03669833886569155,0.14466514324413918,3.5313793118556973e-07,0.049231048990446655,0.11876420204186529,0.10065164096526799,1.959234175335968,0.0,5.7451031845121046,0.6887638119126648,0.7846751334341915,7.910749193250354,1.2422083950653087,0.6747147544080732,0.9752315637089284,1.0160753081853018,3.6299855825339966,1.8564958639541809,64.69091595816138,0.030147553923474308,0.020060656190934008,5.833380008526186e-08,1.7911274283546845e-05,4.685203129858588e-05,0.00032622019223258895,0.002252830651637088,0.10621447210467236,0.01254972993719293,0.0018799544188391054,0.09877168654642889,1.2382802643108234e-05,1.2521145438551595,0.01779988430309862,7.234079731056637,7.440437155281643e-13,2.2405549313909194,89.21491874912648,91.4554736805174,1.2521269266578026,92.70760060717521,0.45727736840258704,0.0025042538533156054,0.45978162225590263,0.5008507706631211,91.95632445118052,0.009533597417939561,0.009533597417939554,0.007984393284765074,0.004180628962292699
163.0,0.00509950232161373,0.0023750525126004845,0.041964784683025884,0.004911245907344103,0.009760135249432884,0.06567766357797597,0.23164590889451162,4.4619860547631885e-07,0.05201931563400286,0.11714029032639826,0.10049650363455102,1.9567784707296232,0.0,6.58532505894451,0.8476304723447085,0.8839975494530594,7.832511938701081,1.2304408802826468,0.6685155954981911,0.9655503971798179,1.0064646955707282,3.5936403617312136,1.8385546413854408,64.6670113450993,0.030149296464292718,0.020059524244883352,5.982565820125696e-08,2.3509867739274398e-05,6.076068008281795e-05,0.0005837584742231515,0.0036070496707410167,0.10447980757910463,0.01266048274729363,0.0018311019365774134,0.09866540169797361,1.439535222193401e-05,1.2459919871187564,0.017895423467756286,7.223112514584957,-3.39121092318706e-13,2.370232525708736,90.1196429361907,92.48987546189943,1.2460063824709784,93.73588184437041,0.46244937730949714,0.002492012764941957,0.4649413900744391,0.4984025529883914,92.98827801488783,0.011961555532387392,0.011961555532387397,0.010017809592884992,0.005219677447276795
164.0,0.004577106820797584,0.0021581567180850264,0.038385884450500854,0.004441330815568884,0.008760582365036781,0.04760644349326478,0.1899152303858466,3.9840266618044507e-07,0.05101493005894888,0.11801073548029532,0.10085572915009082,1.9658335202744182,0.0,6.610127327128596,0.8475406254503222,0.8854239711963161,7.787737339469284,1.2251407598450959,0.6662617766786894,0.9607004211646346,1.0015346226670956,3.577427636004315,1.8291802841731977,64.67231459296828,0.03015063519481482,0.020058766414314387,5.803641349573668e-08,2.126315390839162e-05,5.4544492854272325e-05,0.00042319441257893526,0.0029575483072408564,0.10559750959248472,0.012413225887810603,0.0018932378246536937,0.09896249132543712,1.3518891081848364e-05,1.266153018713188,0.01758046212791452,7.236299433710831,-6.442173183796029e-13,2.3126935837851335,90.06338935674583,92.37608294053096,1.26616653760427,93.64224947813523,0.46188041470265484,0.00253233307520854,0.4644127477778634,0.506466615041708,92.88254955557267,0.01053601124011433,0.010536011240114327,0.008823915433588698,0.004672003679375941
165.0,0.0027068967966644483,0.001233231276596721,0.024617044563038957,0.00252325947526231,0.004996355346042453,0.01388373633182442,0.07257961448745426,2.280075417768858e-07,0.04587547427615647,0.12096116655519094,0.10214082283030734,1.9999209503316333,0.0,5.286528436048974,0.6239532661185346,0.7373374785695282,7.772696259235716,1.2240515308940145,0.6680069666143128,0.9596162813625423,0.9983719457923272,3.572753858960225,1.825925434324143,64.74048945308269,0.03015063519481482,0.020058766414314387,5.466960527475483e-08,1.2083200106250884e-05,3.1114834593308574e-05,0.00012344997046038537,0.0011305000278778324,0.10890212707677849,0.012059039478412456,0.0020330909287630794,0.10010773190154426,9.35019378999021e-06,1.2909373271744955,0.01719346785178735,7.262254061788243,-7.243858290983951e-13,2.1683367908922153,88.40973091100301,90.57806770189522,1.2909466773682854,91.8690143792635,0.45289033850947613,0.002581893354736571,0.4554722318642127,0.5163786709473142,91.09444637284254,0.005802733497017106,0.005802733497017107,0.004859792619277403,0.002623484723980925
166.0,0.0021820020877290065,0.0009410319644215856,0.020552938727653645,0.001934472949676869,0.003903645252684093,0.009720125340489483,0.05391156471791476,1.839282632869095e-07,0.043969235984641294,0.12256447003681258,0.10330715227382321,2.0338761632712683,0.0,4.239890190574928,0.47394277892414194,0.6283740732914848,7.730189138791087,1.2170894081235997,0.6669155343167708,0.9543758166744171,0.9909328923980173,3.5501053696166553,1.8154280251796642,64.80839987538141,0.030150635194516613,0.020058766414080234,5.4514057797546704e-08,9.26376630670411e-06,2.4310224494458185e-05,8.642942057855361e-05,0.0008397339895926887,0.11037690013647661,0.012187569900335968,0.0020620567025555385,0.10124509557126768,7.909503624135949e-06,1.2773615804308667,0.0174056789377919,7.263491489711558,7.911032939844631e-13,2.1709913642247423,87.07564310327217,89.24663446749692,1.2773694899344907,90.5240039574314,0.4462331723374846,0.0025547389798689815,0.44878791131735357,0.5109477959737962,89.75758226347071,0.004664236554469082,0.004664236554469081,0.003906300779386952,0.0020865806422041494
167.0,0.003726317439157096,0.0017024184342995946,0.031055228318986144,0.003472771318117765,0.006923621472087874,0.0317915664604854,0.1368741777633274,3.2744341440223283e-07,0.04795408212879777,0.12162117592290396,0.10342462035830033,2.0412421285535363,0.0,4.794583301437513,0.6011957032252317,0.7004589045753467,7.640381317407897,1.2024809832563992,0.6600900837908553,0.942851650199692,0.9794761776601542,3.507010389426608,1.7945382753930448,64.81161847578575,0.03014967613201802,0.02005801348594399,5.6858518452628465e-08,1.6627526581308714e-05,4.311068438026176e-05,0.0002826342253808676,0.002131684441101716,0.10906100755726113,0.012560168365642832,0.0019809098244574436,0.10144371053384288,1.1850162295031877e-05,1.2496278039278816,0.017838772904484147,7.245204460794555,-4.2432724001173483e-13,2.3047426393322095,87.63468526215848,89.93942790149069,1.2496396540901766,91.18906755558086,0.44969713950745344,0.0024992793081803533,0.45219641881563377,0.49985586163607065,90.43928376312675,0.008586008498377162,0.008586008498377169,0.0071907870232048,0.003757619056707592
168.0,0.004036730521930047,0.0019001909917024853,0.03373966512158486,0.003873650645335167,0.007640548568160985,0.03718823044624481,0.16055107128340942,3.542560346083255e-07,0.04889618935730834,0.12131955613109942,0.10361797735650456,2.047968957782511,0.0,5.25828588505905,0.687415243883555,0.754613315986668,7.565900914920647,1.1916788409620478,0.6550321690048932,0.9338986177645221,0.9705212667012617,3.4746855180996907,1.777877824652349,64.81750427874073,0.030142865119547394,0.020057264637485826,5.6725167774372896e-08,1.8547103406604125e-05,4.757512673895164e-05,0.00033061512038273403,0.002500448542790761,0.10881689307662605,0.012502663054473367,0.0019891891293874688,0.10162878822711709,1.2573587392635086e-05,1.2558029759925253,0.01774224062690543,7.246224210941015,7.772636700931201e-13,2.3457955889742217,88.08741387577541,90.43320946474964,1.255815549579918,91.68902501432956,0.4521660473237482,0.002511631099159836,0.45467767842290807,0.5023262198319672,90.93553568458161,0.009161001507529052,0.009161001507529047,0.007672343996905008,0.004029073765178672
169.0,0.004269048776608028,0.002035387712000184,0.035700141772476476,0.004157139479319205,0.008160543995559199,0.04178086089069845,0.18093026964561099,3.742012823267736e-07,0.04950962794358793,0.12117593255854243,0.10386524435929399,2.0541489946894083,0.0,5.6230012540267955,0.7451697114018062,0.7936169922634851,7.502948940772752,1.183409857059568,0.6509398173110826,0.9266314254228025,0.9629586064433994,3.4477072885110616,1.7639369668262534,64.82115477681528,0.030137550740121845,0.02005652060646138,5.6708118439439984e-08,1.9904477119739802e-05,5.081302043680263e-05,0.0003714455346753762,0.0028178402540224973,0.10869143737721079,0.012484495181331642,0.0019945239635820906,0.1018707203957119,1.3098414547278619e-05,1.2581306056450616,0.017705838611887428,7.24635476225244,2.2398055632422142e-13,2.3806923891065512,88.42147563685428,90.80216802596084,1.2581437040596088,92.06031173002044,0.4540108401298042,0.0025162874081192175,0.4565271275379234,0.5032574816238435,91.30542550758469,0.009579942355407055,0.00957994235540706,0.008023207196374359,0.0042211363339754275
170.0,0.004416591596594228,0.0021050428961523976,0.0368529757671259,0.004313907293137642,0.008464875681471874,0.044620862741295814,0.19482968998936429,3.860442497537115e-07,0.04984318664233142,0.12117076578117769,0.10413814986515939,2.0601339627769373,0.0,5.8814425585392405,0.7781625711049295,0.8182183529351629,7.448695183012409,1.1767260973048468,0.6475382577034595,0.9205322121503854,0.9563763391615098,3.424592248167175,1.7519633052060424,64.81247750606609,0.03012439926397834,0.02005578966801338,5.664134873338367e-08,2.0655184431556014e-05,5.27082252884147e-05,0.00039669608175979277,0.0030343239233245117,0.1086999890818212,0.012470776699356492,0.002002076600255797,0.10213607326490359,1.3420331915455097e-05,1.2597272358599092,0.01768087114494491,7.246866413854796,-3.327511877149192e-13,2.4055814814286607,88.61672463135125,91.0223061127799,1.2597406561918247,92.28204676897172,0.4551115305638995,0.0025194813123836494,0.4576310118762832,0.5038962624767299,91.52620237525663,0.009797169080075207,0.009797169080075207,0.00820513470240143,0.004322329573910284
171.0,0.004536178429258769,0.00215328693061678,0.037708905043689525,0.004427929920906418,0.008696933264154874,0.04716366972162762,0.20724099778138086,3.9565308225019874e-07,0.05008198206794432,0.12121369599736594,0.10441896974529437,2.0659939138370578,0.0,6.070241742213026,0.798071895607546,0.8342332618432271,7.401443880465689,1.1711159878369368,0.6446308094170836,0.9152951102092804,0.9505831457377436,3.4044030659561333,1.7415343209104033,64.80302965461892,0.03011252190861294,0.020055072477540715,5.66075789905778e-08,2.1201181616763833e-05,5.4153298170045865e-05,0.00041930365201508,0.003227626834041633,0.10874517363462305,0.012468522362742887,0.0020086499579565487,0.10241031978733782,1.3677081498996335e-05,1.26021120840181,0.017673293027128813,7.247125418751095,6.573491750927474e-13,2.4280041926497193,88.734582874816,91.16258706746572,1.260224885483309,92.42281195294903,0.45581293533732864,0.002520449770966618,0.45833338510829524,0.5040899541933236,91.66667702165904,0.00997173970300561,0.009971739703005631,0.008351337698850611,0.004401037077918542
172.0,0.0026183477863073205,0.0012162868742747722,0.023955849660991176,0.0024811997969353006,0.004867577208514183,0.013229675187263073,0.07621442902449559,2.2149979786335384e-07,0.04550666897131038,0.1241864679939546,0.10566267998108739,2.0984369924357162,0.0,4.856779387682892,0.5881028715644553,0.6955493843263515,7.382760040624102,1.1697590532541096,0.6459945888831315,0.9138706612573935,0.9472379945492734,3.3994856746244744,1.737611968752162,64.86791581181625,0.03011252190861294,0.020055072477540715,5.276668724098789e-08,1.1883419517412924e-05,3.03166657569265e-05,0.0001176511701728123,0.0011872454942010854,0.1121952146269088,0.01199125336704579,0.002177476847601721,0.10348520313348566,9.249276704034364e-06,1.2964446590070224,0.01710742209922198,7.277640170521,-5.068792607865191e-13,2.268527248445606,87.20506743733459,89.4735946857802,1.2964539082837265,90.77004859406392,0.447367973428901,0.002592907816567453,0.44996088124546846,0.5185815633134906,89.99217624909369,0.005367476040501251,0.005367476040501251,0.00449526425075099,0.0024370523229311596
173.0,0.0021126388495222317,0.0009292783439283864,0.020043866292148525,0.0019048024598494599,0.003807098785002811,0.00930680740879692,0.056213274665522096,1.7888262053187867e-07,0.04368167851779867,0.12578749315159363,0.1067954568203189,2.130740535643829,0.0,3.897198904282798,0.4472039831549122,0.5934639438495156,7.338970699456458,1.1628887276014908,0.6446624175110278,0.9085688853300942,0.9398511285940799,3.3768729585373802,1.726938969582191,64.93252289823248,0.03011252190861294,0.020055072477540715,5.269107717074979e-08,9.122880902300066e-06,2.3711820274908484e-05,8.276567806558259e-05,0.0008756773148113685,0.1136573728886621,0.012130120262931532,0.00220391383881168,0.10459154298150722,7.810982812222542e-06,1.2820623377936233,0.017332235761549616,7.278262922996182,4.3184206210966636e-13,2.2687401598490187,85.96914351613242,88.23788367598144,1.2820701487764357,89.51995382475788,0.4411894183799072,0.0025641402975528716,0.4437535586774601,0.5128280595105743,88.750711735492,0.004315043090320211,0.004315043090320216,0.0036138510536425405,0.001937470218263939
174.0,0.003763330722805381,0.001722083206778889,0.03093737596592288,0.003518754970016131,0.006997076147818437,0.03257874411680255,0.1518862763370868,3.3061429944625094e-07,0.04744035070290377,0.12464475910544719,0.10683566332621076,2.135316778645276,0.0,4.515701502618776,0.5770500566536312,0.6694177894636606,7.254549875678357,1.149149762454292,0.6379493599044561,0.8977030193198259,0.9291347139196888,3.3356141915178745,1.707245308457586,64.92170491743538,0.03009997751478053,0.020054369008288293,5.5412812160433123e-08,1.6849452390091633e-05,4.357220423628752e-05,0.00028966404347132715,0.002365679685117877,0.1120666073129485,0.012578151792498687,0.002098579404084738,0.10473708392212602,1.2109813986363936e-05,1.2474330122505788,0.017873050296211338,7.256389809147665,5.917731582538721e-13,2.41416110142971,86.59522049742353,89.00938159885324,1.2474451220645653,90.2568267209178,0.4450469079942662,0.0024948902441291306,0.44754179823839535,0.4989780488258261,89.50835964767906,0.008241735047642825,0.008241735047642841,0.006902457811506226,0.003600614599272171
175.0,0.004096105114788978,0.001941841602891176,0.03381044788566896,0.003963151204709996,0.007781348718467191,0.03881682492287822,0.18275770198522107,3.6001683370908264e-07,0.04846559041461088,0.1241623162349311,0.10696414795302368,2.1394899227922526,0.0,5.016347084738623,0.6674623542089079,0.7261761056681293,7.186602906857185,1.1394824038520823,0.6331174201698709,0.8895867364810167,0.9211704034199679,3.3062182510759976,1.6921280332630988,64.92573214871777,0.03010167201550697,0.020053673955817277,5.5334721007261547e-08,1.8977537330647158e-05,4.8456276788754736e-05,0.0003451300869556327,0.0028465252422353636,0.11164872644008689,0.01251358979484421,0.002104010092548141,0.10486013786047554,1.2911207912018508e-05,1.254325506026114,0.01776530499384822,7.25700227538612,-6.059042156891792e-13,2.461123294658323,87.10402384845264,89.56514714311096,1.254338417234026,90.81948556034499,0.44782573571555484,0.002508676834468052,0.4503344125500229,0.5017353668936104,90.06688251000458,0.008862430078978847,0.008862430078978856,0.007422290254898556,0.0038931741529136706
176.0,0.004353506606705424,0.0020833475609803,0.035896873400479666,0.004265404343476006,0.008344315459118486,0.043977320133643166,0.20877626905508634,3.8168404904464534e-07,0.0491164640772852,0.12387201902413028,0.10715192802820432,2.1433359424558645,0.0,5.410596613609766,0.7271342753466228,0.7669708220210716,7.131308719163981,1.1324628816765723,0.6293284081065669,0.8832770450515406,0.9147008110200135,3.2826126784377867,1.679957487020385,64.92971991517275,0.030102524170393892,0.020052987312016005,5.537390886398699e-08,2.042481780149228e-05,5.196186818967629e-05,0.0003910121814782713,0.0032517676547356494,0.11137973685366499,0.012492282170465288,0.0021062414789370055,0.10504568654926731,1.3488721549465261e-05,1.2569766697318314,0.017723844466344015,7.256694818403515,-5.494805999095576e-13,2.5001498247766882,87.48806965662706,89.98821948140375,1.256990158453381,91.24520963985712,0.44994109740701876,0.002513980316906762,0.4524550777239255,0.5027960633813524,90.4910155447851,0.009303131136409775,0.009303131136409779,0.007791377642301664,0.004095407449003805
177.0,0.004535795918508825,0.002169167650059744,0.03729222509386372,0.004458649657831925,0.008719766527142785,0.04786504208822947,0.2295847293819704,3.9656027441086936e-07,0.04953812264508288,0.1237023523816289,0.10736141665529568,2.146871477722258,0.0,5.703713489232075,0.7641892873580506,0.7944493934827175,7.085034576735051,1.1270763501674022,0.6262359758459042,0.8781713595586194,0.9092650133085076,3.263017660563428,1.6698302928227753,64.9247563166154,0.03009993185052361,0.02005230812381372,5.539854168624642e-08,2.135013183038933e-05,5.4299795643635716e-05,0.0004255779943104207,0.003575862072568838,0.11122219116548432,0.012480161216144578,0.002109439381988253,0.10525197727330743,1.38825406420082e-05,1.2585422723861002,0.017699357311177496,7.256501667508971,-5.886194309745463e-13,2.5310353732452224,87.74573971568994,90.27677508893515,1.258556154926742,91.53533124386189,0.4513838754446758,0.002517112309853484,0.45390098775452925,0.5034224619706968,90.78019755090585,0.00959140182995808,0.009591401829958015,0.008032804512858416,0.00422756846358868
178.0,0.004693589612705815,0.00223046642657565,0.03840805872594362,0.004605507820035185,0.009023466134648645,0.051504211682413835,0.2488042896176332,4.0922753956217067e-07,0.04986036372869953,0.12357671604543026,0.10757369450357934,2.150193189818097,0.0,5.934160017908688,0.7884767192257642,0.8140585647234333,7.046401270810078,1.122821844730071,0.6236690056265466,0.8739925666273031,0.9046827428148012,3.246586868769208,1.6613761658206556,64.91992156557835,0.030096762036924095,0.02005163773450676,5.546411221197462e-08,2.2053254111365583e-05,5.6190753579740495e-05,0.00045793233601682204,0.003875198837668736,0.11109596377580433,0.01248075226962593,0.002111160517595528,0.10546253398598382,1.4210535081920068e-05,1.258882482179421,0.017694021033504603,7.255987934167425,-3.639762102825017e-13,2.559323552794292,87.9361473326349,90.4954708854292,1.2588966927145029,91.7543675781437,0.452477354427146,0.002517793385429006,0.454995147812575,0.5035586770858012,90.999029562515,0.009837080301600383,0.009837080301600376,0.008238560373232956,0.004337027370420636
179.0,0.002686866756343213,0.0012489749539064208,0.024159312884583804,0.0025576325316261756,0.005003312477654063,0.013842321212720768,0.08664793270310771,2.2703525385452637e-07,0.04565611880571135,0.12687881106388818,0.10876954099015082,2.1811485992299375,0.0,4.746546329407432,0.5792245164356021,0.6769162751519263,7.031873990911748,1.1221322998321956,0.6251383859221656,0.8731037904290528,0.9020937521437734,3.2453005005846824,1.6585012145206561,64.98183238440194,0.030096762036924095,0.02005163773450676,5.107433793100106e-08,1.2250981511148395e-05,3.1165536498319326e-05,0.00012311515818076607,0.0013499065442234442,0.11498367666784061,0.011895134396047571,0.002314194469078307,0.10645534652107251,9.523789545106186e-06,1.3050639659916676,0.016972728270534313,7.2917972543534,6.644684802381562e-13,2.3629512985908447,86.44266343974117,88.80561473833201,1.3050734897812126,90.11068822811322,0.4440280736916601,0.0026101469795624254,0.4466382206712225,0.5220293959124851,89.3276441342445,0.005257491733812798,0.005257491733812796,0.004403152331057339,0.002402985516552015
180.0,0.002166278247816976,0.0009503825135876405,0.02014279167542039,0.0019563721206442247,0.003903439674137416,0.009684741482544546,0.06225145079838394,1.8305465039211407e-07,0.04370956707273549,0.12856098386852308,0.10986095605128189,2.2119848484332536,0.0,3.807437760235878,0.43883946126894585,0.5760139963846538,6.992689872280243,1.1159328564869786,0.6239102488528702,0.8683565759163643,0.895361989977707,3.224988127446486,1.6488625352972235,65.04350488280856,0.030096762036924095,0.02005163773450676,5.118836189511899e-08,9.370885432256789e-06,2.4314267556889866e-05,8.613643534767383e-05,0.0009698222270296409,0.11648376221317776,0.012077221655345319,0.002332319410623736,0.10752863664065815,8.029121277298734e-06,1.286751397430224,0.01725895557107367,7.2908287683066355,6.115004336226804e-13,2.356750055073175,85.2358983069559,87.59264836202908,1.2867594265515014,88.87940778858058,0.4379632418101454,0.002573518853103003,0.44053676066324843,0.5147037706206006,88.10735213264968,0.00421667709614567,0.004216677096145674,0.0035314694773176843,0.0019002281596240996
181.0,0.003919651928458613,0.0017919203582113465,0.03159614648318843,0.003677193654319088,0.007299768877807645,0.035664749896502874,0.17682751241138195,3.440008676695989e-07,0.04724290098630288,0.12715444997817663,0.10982856494420312,2.213969221650768,0.0,4.45237833684808,0.5726514164138898,0.6546287752943001,6.917657356300872,1.103567134557884,0.6175589904123338,0.8585963070455096,0.8858653942293557,3.1870583227634817,1.6312440087721747,65.03568310903847,0.030094311605596006,0.020050975253826632,5.437568816757752e-08,1.7609449027416778e-05,4.54602365766879e-05,0.00031712717508857607,0.0027543116559258785,0.11453937093192383,0.012615079046252795,0.002197693924249996,0.10763087101995313,1.262481331948902e-05,1.2439804260361613,0.01792696476835328,7.264595233660472,9.83702702628264e-13,2.5219894102478086,85.91688915167634,88.43887856192416,1.2439930508494808,89.68287161277364,0.4421943928096208,0.0024879861016989615,0.4446823789113198,0.4975972203397923,88.93647578226395,0.008186849470077728,0.00818684947007774,0.006856491108935314,0.0035667371731509063
182.0,0.004189895978802412,0.0019656986287349063,0.03394206792643029,0.004035684614011217,0.007934575622104771,0.04040397877574124,0.2060794967032708,3.666571337750386e-07,0.048104594215468865,0.1265775568673289,0.10987415993845512,2.2158236716385775,0.0,4.91729448074474,0.6525865720021462,0.7061046777028621,6.8571130258603,1.0947778118245017,0.6129949092479466,0.8513115768664355,0.8787872748169182,3.160581236908676,1.617696227258264,65.00659008009043,0.030075382015821585,0.020050325459235983,5.420390387894194e-08,1.9326440247109277e-05,4.941413492138199e-05,0.00035927255836463106,0.003209979858419215,0.11405545989376982,0.012522096973559091,0.002205434303289247,0.10766872563516587,1.3271233100996308e-05,1.2531490014197637,0.017783665376748012,7.265969433534921,4.611415416189146e-13,2.562480030760276,86.35583787332322,88.9183179040835,1.2531622726528646,90.17148017673635,0.4445915895204175,0.0025063245453057293,0.44709791406572325,0.5012649090611458,89.41958281314464,0.008612026107565127,0.008612026107565111,0.0072125767857654614,0.0037796258117328246
183.0,0.004427595432865914,0.0020937767861716255,0.035845432219479084,0.004311572237627683,0.008450513884294169,0.045320924675334204,0.23394305167168764,3.866064066801472e-07,0.048682296224641694,0.1261585938696353,0.10997331610109762,2.217447192652065,0.0,5.275179439021771,0.7047272521567849,0.7423827880114455,6.8079363825675205,1.0883239184171754,0.6093536370033955,0.8456277639922488,0.8730022868165831,3.139101336754816,1.606755544890676,64.97673514256334,0.03005756309223343,0.02004968443450927,5.430396038579648e-08,2.0647486006406083e-05,5.262689556958916e-05,0.00040299104123526656,0.0036439732513084038,0.11365718873057365,0.012501405139061644,0.002203438854564811,0.10776987724653281,1.3812986986524266e-05,1.255657039140571,0.017744443427742687,7.265168496175844,6.784919848179527e-13,2.6005227423905737,86.66912549219576,89.26964823458633,1.2556708521275575,90.52531908671388,0.44634824117293165,0.002511341704255115,0.44885958287718675,0.502268340851023,89.77191657543734,0.008998719214906947,0.00899871921490696,0.007536432484110283,0.003957240931711113
184.0,0.004649965804339645,0.002196864429707842,0.037521321284472935,0.0045436656303589834,0.008906762933925394,0.05054780111247237,0.2626968501068408,4.0515876667744206e-07,0.049159842352418825,0.12577403220707645,0.1100909582392387,2.218746304233058,0.0,5.574007735981956,0.7425207954971117,0.7704816236681855,6.768366225948947,1.0835442075836303,0.6064204950169603,0.8411915178451977,0.868342725637843,3.1217303543697983,1.5979881393688302,64.9552630952112,0.03004543410199139,0.020049048907280653,5.44988280380052e-08,2.175864120472479e-05,5.546754623370016e-05,0.0004494615074526569,0.0040918060506910745,0.11327045644375576,0.012503575763320687,0.00219806630975337,0.10789289192948533,1.4296526776396443e-05,1.2560519853571293,0.017738242171872014,7.263612836844457,-3.979698515177432e-13,2.6389697830463614,86.92985691612965,89.56882669917601,1.2560662818839057,90.82489298105992,0.4478441334958801,0.0025121325637678113,0.4503562660596479,0.5024265127535622,90.07125321192957,0.009367040786077512,0.009367040786077507,0.007844902010414639,0.004120508189688552
185.0,0.004801028651145858,0.00225606015769782,0.03859830937694555,0.004685343631083316,0.009198254435184412,0.05418093913137519,0.28517348103556023,4.1723657173710236e-07,0.049491973332468374,0.12549580978130434,0.11021680066694017,2.2199957680473816,0.0,5.800170665304685,0.7663237230861436,0.7897385907728521,6.736220764915437,1.0798993867359938,0.604036526056777,0.8376761797385163,0.8645599735772357,3.1077278687542376,1.5908915793021141,64.93381876433497,0.03003387726831371,0.020048424016923746,5.458802318469212e-08,2.2436962386180588e-05,5.72824954558441e-05,0.0004817634387633623,0.0044418827417407256,0.11300150719006286,0.012494302591241485,0.0021970548665108517,0.10801974580042932,1.4611950050254944e-05,1.2572611333742978,0.01771932952014907,7.262902632668296,6.008839259497023e-13,2.668381575035414,87.11106402257897,89.77944559761438,1.257275745324348,91.03672134293873,0.4488972279880719,0.002514551490648696,0.45141177947872063,0.5029102981297392,90.28235589574412,0.009594757553594829,0.009594757553594806,0.0080356149333216,0.004224742575295931
186.0,0.002745501209198128,0.001260375366341911,0.02421012779254503,0.002596822073498734,0.005091283562444218,0.01434419496623715,0.09702078648277458,2.3131863470836482e-07,0.045764980519467105,0.12903157160683001,0.11134801972513757,2.2496419780089973,0.0,4.638285345862168,0.5622272557855559,0.65570282753327,6.724999936009288,1.079445400779713,0.6055060864899507,0.8371072846139619,0.862529260048481,3.1092253633702893,1.5887695264833341,64.99311118425827,0.03003387726831371,0.020048424016923746,4.975217674432314e-08,1.2439885342794293e-05,3.171626791685163e-05,0.00012759162722681465,0.001511622106918994,0.11721909733542353,0.011812474271406484,0.0024306376814912777,0.10891738204364629,9.746469501138621e-06,1.3124503149325035,0.0168573026508365,7.303187913363131,-7.629452625224076e-13,2.442676281300139,85.65690947123429,88.09958575253442,1.3124600614020048,89.41204581393643,0.44049792876267213,0.00262492012280401,0.44312284888547615,0.524984024560802,88.62456977709523,0.005147414985182855,0.005147414985182853,0.004310962991184873,0.0023659894842641897
187.0,0.002212459093439414,0.0009575365037590014,0.020143731314438605,0.0019830638364333204,0.003967340099242647,0.009995247741174842,0.06768109039223928,1.86319065550485e-07,0.043710226671599614,0.1307848378925501,0.1123872441455052,2.2791847793822915,0.0,3.7195460315628166,0.42532234729103696,0.5571197799274034,6.689590921778467,1.0736112023116549,0.6043198627365537,0.8327511684535861,0.8563282344251987,3.0907809478695056,1.579944427000359,65.05219677344893,0.03003387726189101,0.02004842401657168,5.00165300157061e-08,9.499540334214012e-06,2.4714206056522415e-05,8.890596156797591e-05,0.001054482078795161,0.11875409189489991,0.012030745997650194,0.0024406381081513123,0.10994660603735389,8.21044806338501e-06,1.2908463500929266,0.017194960602794754,7.300886441500061,7.413201996708807e-13,2.4298356613536836,84.48151169680551,86.91134735815919,1.29085456054099,88.20220191870018,0.434556736790796,0.00258170912108198,0.43713844591187795,0.516341824216396,87.42768918237559,0.004113378369861636,0.004113378369861635,0.0034449567350326917,0.0018595761487900792
188.0,0.004010949840137056,0.0018125372368095968,0.03172866066306826,0.003738507368877876,0.007439404264742163,0.03723920600827713,0.19451549015923159,3.506897302328017e-07,0.04686608814816688,0.1291974381703494,0.11228099221361375,2.2791690082151597,0.0,4.355078932693309,0.5564084591054019,0.6345110258022856,6.621528901054205,1.0620257674579803,0.59821141256611,0.8237380913431548,0.8476282294171027,3.054989697580234,1.5637697045948982,65.02834742411297,0.030022592308644354,0.020047805440776358,5.3573060609083206e-08,1.7904106832309756e-05,4.633228182296216e-05,0.00033114715116490113,0.0030299637375457685,0.11655035236012562,0.01264708581022378,0.0022797449909343786,0.11000124722267937,1.296687926847856e-05,1.2407361264808492,0.017977635569783185,7.271053541835712,6.737006785773048e-13,2.6065202025942007,85.14623764572764,87.75275784832183,1.2407490933601177,88.99350694168196,0.4387637892416092,0.0024814981867202356,0.4412452874283294,0.4962996373440471,88.24905748566589,0.007983052429254784,0.007983052429254789,0.006685810970801954,0.0034688791131630976
189.0,0.00440236933475036,0.002042376959515421,0.03493476315068036,0.004219834093207819,0.008319410385388188,0.04510294026946008,0.2417848143064455,3.839733014974273e-07,0.04794234285221263,0.1282627807533314,0.1122375659511239,2.278604107639553,0.0,4.8857843318505605,0.6461745659936554,0.6932182306573655,6.569855401734107,1.0542790546207954,0.593964086331728,0.8174074169173451,0.8416452645844487,3.031474994776013,1.5521144253253971,65.00844493667358,0.030006822345896956,0.020047586104802534,5.3687416809141706e-08,2.0209064604030658e-05,5.181253106490308e-05,0.0004010714175061009,0.003766252307244959,0.11568301580518753,0.012579764948143862,0.0022741075544293944,0.10996345839669451,1.387990539087905e-05,1.2479450407646082,0.017864939219966798,7.270127491781305,6.641909244819999e-13,2.667353342964515,85.694362709465,88.36171605242951,1.247958920669999,89.60967497309952,0.4418085802621476,0.002495917841339998,0.4443044981034876,0.4991835682679996,88.86089962069751,0.008639470007724217,0.008639470007724222,0.007235561067829423,0.0037759246302622837
190.0,0.004621585174764673,0.0021719779029816646,0.03681298195515035,0.0044970845269161,0.008822232546173371,0.050167861628396745,0.27655706825742804,4.0269449116413206e-07,0.04856954121783035,0.12764688345997965,0.11226914132622415,2.2782230681519566,0.0,5.261409971031524,0.7014219645032637,0.7316127858706348,6.529905256388375,1.0490769116688716,0.5907711874646597,0.8127962357488722,0.8371016883908294,3.0138211287626877,1.5432594570459586,64.98530718327012,0.029996931163769468,0.02004737727864564,5.3744534110006815e-08,2.1536746501371144e-05,5.4943855131712855e-05,0.00044610857808163824,0.004307881313882034,0.11511551292372282,0.01253137053625683,0.002272378751627028,0.10999676257459712,1.4390982559406765e-05,1.2529216012609266,0.017787148519888576,7.269665697488045,-5.00752217469369e-13,2.710443804056089,86.0564837701458,88.76692757420189,1.252935992243486,90.01986356644537,0.44383463787100946,0.0025058719844869718,0.44634050985549645,0.5011743968973943,89.26810197109928,0.008992661851116605,0.008992661851116562,0.007531359438474808,0.0039459621577463775
191.0,0.0048190379239667685,0.0022622870803193727,0.03832004682549577,0.004703262949302279,0.009227187416803269,0.05504008734895844,0.30842223241155764,4.1885968111260365e-07,0.049013924918472625,0.12714711227923728,0.1123276522833118,2.2777534430061896,0.0,5.550408462828831,0.7372490184019749,0.7586468142264997,6.498929118976225,1.045466711363087,0.5882688131612411,0.8093643002897101,0.8335640861269511,3.0000656211188517,1.536418243153232,64.96203396670879,0.029987567506574407,0.020047172219639055,5.39210797674763e-08,2.2523857580632024e-05,5.746519982650221e-05,0.0004894274304961927,0.004804190773382662,0.11462783946755443,0.012519272811682844,0.0022662692419436418,0.11006138304136816,1.4816279263467537e-05,1.2545157907872526,0.017762212727495844,7.268241419655944,-4.936225039831044e-13,2.749561928740747,86.3204151563554,89.06997708509614,1.254530607066516,90.32450769216265,0.4453498854254807,0.0025090612141330324,0.44785894663961373,0.5018122428266065,89.57178932792274,0.009299053711365076,0.00929905371136506,0.00778796279649698,0.004085598115471929
192.0,0.005143882224322662,0.0023834724766874957,0.040577343728706576,0.0049921861030500425,0.00984181980962877,0.06425100562004336,0.35589060163822694,4.450590808345371e-07,0.049518792246328394,0.12638255819764949,0.11233193224307143,2.2757075199445973,0.0,5.875913691036094,0.7731397732446044,0.788003983225964,6.47591732476746,1.042857254343099,0.5861662248565339,0.806812986918569,0.8308026724904919,2.9886803639469477,1.5311871436527393,64.94040870533017,0.02996808081738332,0.020046542103398426,5.4531304095595614e-08,2.3906453627977922e-05,6.129055328443295e-05,0.0005713064140332024,0.005543395757019834,0.11381174475576973,0.012570813441879755,0.002241500348301806,0.11009043189476962,1.5458223139671742e-05,1.250676498630093,0.017822161545959354,7.263354116200051,-5.980806128125238e-13,2.8083070688506724,86.63989012381268,89.44819719266334,1.2506919568532326,90.69888914951657,0.44724098596331674,0.0025013839137064653,0.4497423698770232,0.5002767827412931,89.94847397540464,0.009821461653978045,0.009821461653978064,0.008225479746925196,0.004301915450964846
193.0,0.002889071944532797,0.001310759167930923,0.024911708975907488,0.0027187189397108245,0.005344273504572988,0.015639651256108375,0.1168376543625243,2.4257981847033375e-07,0.04633923684803831,0.13045942077105904,0.11340710440962597,2.3042546347201034,0.0,4.696207797887027,0.5649841342848081,0.6515977539644746,6.471411858484171,1.0432899980113113,0.5880128263765905,0.8070505903198529,0.8299530135587032,2.99585149575294,1.530772782609535,64.99750293488113,0.02996808081738332,0.020046542103398426,4.85210684415986e-08,1.3024980797040858e-05,3.3294973864533114e-05,0.00013912765625615802,0.001820505323592132,0.11878531740721056,0.011674103363848484,0.0025369928769630127,0.11087011153266295,1.017151721846577e-05,1.3252491062297065,0.016657294971335383,7.314069644467015,-4.841613221451269e-13,2.520245952299248,85.17663518613054,87.69688113842979,1.325259277746925,89.02214041617671,0.43848440569214897,0.00265051855549385,0.44113492424764283,0.53010371109877,88.22698484952856,0.005248041347147385,0.005248041347147383,0.00439523762682536,0.00243576577620568
